Artist,Album,Year,Decade,Rating,Rated
Boris,Akuma No Uta,2003,2000.0,,Unrated
The Pains Of Being Pure At Heart,The Pains of Being Pure at Heart,2009,2000.0,4.0,Rated
The Beach Boys,The Smile Sessions,2011,2010.0,4.5,Rated
Beach House,Bloom,2012,2010.0,,Unrated
Charles Mingus,Let My Children Hear Music,1972,1970.0,,Unrated
Nick Drake,Bryter Layter,1970,1970.0,,Unrated
Deltron 3030,Deltron 3030,2000,2000.0,,Unrated
The Beach Boys,Endless Summer,1974,1970.0,3.5,Rated
Disclosure,Caracal (Deluxe),2015,2010.0,,Unrated
The Smashing Pumpkins,Mellon Collie And The Infinite Sadness,1995,1990.0,5.0,Rated
Melvins,Houdini,1993,1990.0,,Unrated
The Prodigy,Their Law The Singles 1990 - 2005,2005,2000.0,,Unrated
Pink Floyd,Wish You Were Here,1975,1970.0,4.0,Rated
R.E.M.,Automatic For The People,1992,1990.0,,Unrated
Gorillaz,Demon Days,2005,2000.0,,Unrated
The Mars Volta,Deloused in the Comatorium,2003,2000.0,5.0,Rated
System Of A Down,Mezmerize,2005,2000.0,4.0,Rated
The Ronettes,Presenting the Fabulous Ronettes Featuring Veronica,1964,1960.0,,Unrated
John Lennon,Plastic Ono Band,1970,1970.0,,Unrated
Pixies,Doolittle,1989,1980.0,,Unrated
Yeah Yeah Yeahs,Fever To Tell,2003,2000.0,,Unrated
The Beatles,Abbey Road (Remastered),1969,1960.0,5.0,Rated
Nick Cave & The Bad Seeds,Let Love In (2011 Remastered Version),1994,1990.0,,Unrated
Yeah Yeah Yeahs,It's Blitz!,2009,2000.0,,Unrated
Café Tacvba,MTV Unplugged,1996,1990.0,,Unrated
The Mars Volta,Tremulant,2002,2000.0,3.5,Rated
Muse,Absolution,2004,2000.0,,Unrated
Regina Spektor,Soviet Kitsch,2004,2000.0,,Unrated
The Velvet Underground,White Light / White Heat,1968,1960.0,4.5,Rated
Air,Talkie Walkie,2004,2000.0,,Unrated
Gilberto Gil,Gilberto Gil (1968),1968,1960.0,,Unrated
The Beatles,Let It Be (Remastered),1970,1970.0,3.5,Rated
John Lennon,GIMME SOME TRUTH. (Deluxe),2020,2020.0,,Unrated
Soda Stereo,El Ultimo Concierto B (Remastered),1997,1990.0,,Unrated
Joy Division,Closer,1980,1980.0,,Unrated
Kate Bush,Never for Ever (2018 Remaster),1980,1980.0,,Unrated
Spiritualized,Lazer Guided Melodies,1992,1990.0,,Unrated
Kendrick Lamar,untitled unmastered.,2016,2010.0,,Unrated
Muse,Black Holes and Revelations,2006,2000.0,,Unrated
David Bowie,Station to Station (2016 Remaster),1976,1970.0,,Unrated
Moloko,Statues,2003,2000.0,,Unrated
Placebo,Black Market Music,2000,2000.0,,Unrated
Belle and Sebastian,The Boy With the Arab Strap,1998,1990.0,,Unrated
The Beatles,Help! (Remastered),1965,1960.0,4.0,Rated
At the Drive-In,Relationship Of Command,2000,2000.0,5.0,Rated
The Cure,Pornography,1982,1980.0,,Unrated
James Blake,James Blake,2011,2010.0,,Unrated
Katy Perry,One Of The Boys,2008,2000.0,,Unrated
Talking Heads,Talking Heads '77,1977,1970.0,,Unrated
Coldplay,A Rush of Blood to the Head,2002,2000.0,,Unrated
Lorde,Pure Heroine,2013,2010.0,,Unrated
Wilco,Yankee Hotel Foxtrot,2002,2000.0,5.0,Rated
Jamiroquai,Emergency on Planet Earth (Remastered),1993,1990.0,,Unrated
Smif-N-Wessun,Dah Shinin',1995,1990.0,,Unrated
DJ Shadow,Preemptive Strike,1998,1990.0,,Unrated
Modest Mouse,Good News For People Who Love Bad News,2004,2000.0,,Unrated
Radiohead,OK Computer OKNOTOK 1997 2017,2017,2010.0,5.0,Rated
The Stone Roses,The Stone Roses,1989,1980.0,,Unrated
Travis,The Boy With No Name,2007,2000.0,,Unrated
Elliott Smith,Roman Candle,1994,1990.0,,Unrated
Neutral Milk Hotel,In the Aeroplane Over the Sea,1998,1990.0,5.0,Rated
David Bowie,Blackstar,2016,2010.0,,Unrated
Elliott Smith,Elliott Smith,1995,1990.0,4.5,Rated
Boards of Canada,Peel Session,1999,1990.0,3.5,Rated
The Smashing Pumpkins,Pisces Iscariot (Remastered),1994,1990.0,,Unrated
U2,The Best Of 1980 - 1990,1998,1990.0,,Unrated
Rodrigo y Gabriela,Rodrigo y Gabriela,2006,2000.0,,Unrated
Godspeed You! Black Emperor,Yanqui U.X.O.,2002,2000.0,,Unrated
John Lennon,Imagine,1971,1970.0,,Unrated
N.W.A.,Straight Outta Compton,1988,1980.0,,Unrated
Prefuse 73,One Word Extinguisher,2003,2000.0,,Unrated
CHVRCHES,Every Open Eye,2015,2010.0,,Unrated
Girl Talk,Night Ripper,2006,2000.0,,Unrated
King Crimson,Red (Expanded & Remastered Original Album Mix),1974,1970.0,4.5,Rated
of Montreal,"Hissing Fauna, Are You The Destroyer?",2007,2000.0,,Unrated
Beach House,Depression Cherry,2015,2010.0,,Unrated
Madvillain,Madvillainy,2004,2000.0,5.0,Rated
Vampire Weekend,Father of the Bride,2019,2010.0,,Unrated
Zoé,Memo Rex Commander y el Corazón Atómico de la Vía Láctea,2006,2000.0,,Unrated
Oasis,The Masterplan,1998,1990.0,,Unrated
The Beatles,With The Beatles (Remastered),1963,1960.0,3.5,Rated
Girl Talk,Feed the Animals,2008,2000.0,,Unrated
Blur,Blur: The Best Of,2000,2000.0,,Unrated
The Cranberries,No Need To Argue (The Complete Sessions 1994-1995),1994,1990.0,,Unrated
Ms. Lauryn Hill,The Miseducation of Lauryn Hill,1998,1990.0,,Unrated
Life Without Buildings,Any Other City,2000,2000.0,,Unrated
Mobb Deep,The Infamous,1995,1990.0,,Unrated
Coldplay,Viva La Vida or Death and All His Friends,2008,2000.0,,Unrated
Travis,The Man Who,1999,1990.0,,Unrated
Morrissey,Southpaw Grammar,1995,1990.0,,Unrated
Muse,Origin of Symmetry,2001,2000.0,4.0,Rated
Sigur Rós,Ágætis byrjun,1999,1990.0,,Unrated
At the Drive-In,Vaya,1999,1990.0,,Unrated
Massive Attack,Heligoland,2010,2010.0,,Unrated
TOOL,"10,000 Days",2006,2000.0,,Unrated
Wu-Tang Clan,Wu-Tang Iron Flag,2001,2000.0,,Unrated
Interpol,Our Love To Admire,2007,2000.0,,Unrated
Vampire Weekend,Modern Vampires of the City,2013,2010.0,,Unrated
Ulver,Nattens Madrigal,1997,1990.0,,Unrated
Radiohead,Amnesiac,2001,2000.0,3.5,Rated
Cat Power,Sun,2012,2010.0,,Unrated
The Smiths,Hatful of Hollow,1984,1980.0,5.0,Rated
Lady Gaga,The Fame,2008,2000.0,,Unrated
Talking Heads,Remain in Light,1980,1980.0,,Unrated
The Doors,The Doors,1967,1960.0,,Unrated
The Beatles,The Beatles (Remastered),1968,1960.0,4.5,Rated
Beastie Boys,Paul's Boutique (20th Anniversary Edition / Remastered),1989,1980.0,,Unrated
Cat Power,The Greatest,2006,2000.0,,Unrated
Disclosure,Settle (Deluxe),2013,2010.0,,Unrated
The Field Mice,Where'd You Learn To Kiss That Way?,1998,1990.0,,Unrated
The Flaming Lips,The Soft Bulletin,1999,1990.0,,Unrated
Metallica,Ride The Lightning (Remastered),1984,1980.0,,Unrated
John Lennon,Double Fantasy,1980,1980.0,,Unrated
Godspeed You! Black Emperor,Allelujah! Don't Bend! Ascend!,2012,2010.0,,Unrated
A Tribe Called Quest,The Low End Theory,1991,1990.0,4.5,Rated
The Beatles,Anthology 1,1995,1990.0,,Unrated
Tori Amos,Little Earthquakes,1992,1990.0,5.0,Rated
Sufjan Stevens,Illinois,2005,2000.0,,Unrated
Animal Collective,People,2007,2000.0,,Unrated
Vic Chesnutt,North Star Deserter,2007,2000.0,,Unrated
Atmosphere,"When Life Gives You Lemons, You Paint That Shit Gold",2008,2000.0,4.5,Rated
Meshuggah,I,2004,2000.0,,Unrated
Neurosis,The Eye of Every Storm,2004,2000.0,,Unrated
Portishead,Roseland NYC Live,1998,1990.0,,Unrated
Nirvana,MTV Unplugged In New York,1994,1990.0,4.0,Rated
MF DOOM,MM...FOOD,2004,2000.0,,Unrated
Outkast,Speakerboxxx/The Love Below,2003,2000.0,,Unrated
The Beatles,Beatles For Sale (Remastered),1964,1960.0,3.5,Rated
Radiohead,I Might Be Wrong,2001,2000.0,4.0,Rated
"""Weird Al"" Yankovic",Running With Scissors,1999,1990.0,,Unrated
Oasis,(What's The Story) Morning Glory? [Remastered],1995,1990.0,4.0,Rated
2Pac,Greatest Hits,1998,1990.0,4.5,Rated
Caifanes,El Silencio,1992,1990.0,5.0,Rated
Kate Bush,Hounds of Love (2018 Remaster),1985,1980.0,,Unrated
Soundgarden,Superunknown,1994,1990.0,,Unrated
Arctic Monkeys,Favourite Worst Nightmare,2007,2000.0,3.0,Rated
The Beatles,Love,2006,2000.0,,Unrated
Morrissey,Live At Earls Court,2005,2000.0,,Unrated
Elliott Smith,XO,1998,1990.0,,Unrated
Fela Kuti,Expensive Shit,1975,1970.0,5.0,Rated
Kanye West,My Beautiful Dark Twisted Fantasy,2010,2010.0,5.0,Rated
Camp Lo,Uptown Saturday Night,1997,1990.0,,Unrated
Animal Collective,Feels,2005,2000.0,4.0,Rated
Clap Your Hands Say Yeah,Clap Your Hands Say Yeah,2005,2000.0,,Unrated
Rage Against The Machine,Evil Empire,1996,1990.0,,Unrated
The Cardigans,Emmerdale (Remastered),1994,1990.0,,Unrated
Ximena Sariñana,Mediocre,2008,2000.0,,Unrated
Northern Portrait,Napoleon Sweetheart EP,2008,2000.0,,Unrated
Ol' Dirty Bastard,Nigga Please,1999,1990.0,,Unrated
Burzum,Hvis Lyset Tar Oss,1994,1990.0,4.5,Rated
Neurosis,Neurosis & Jarboe,2003,2000.0,,Unrated
Carla Morrison,Aprendiendo a Aprender,2010,2010.0,,Unrated
Paramore,Brand New Eyes,2009,2000.0,,Unrated
The Smashing Pumpkins,Aeroplane Flies High,2013,2010.0,4.5,Rated
Hikaru Utada,First Love,1999,1990.0,3.5,Rated
Leonard Cohen,Songs Of Leonard Cohen,1967,1960.0,,Unrated
Michael Jackson,Thriller,1982,1980.0,4.0,Rated
Lorde,Melodrama,2017,2010.0,,Unrated
Brand New,The Devil And God Are Raging Inside Me,2006,2000.0,,Unrated
The Beatles,Magical Mystery Tour (Remastered),1967,1960.0,4.5,Rated
maudlin of the Well,Leaving Your Body Map,2001,2000.0,,Unrated
Neurosis,A Sun That Never Sets,2001,2000.0,,Unrated
Caifanes,El Diablito,1990,1990.0,4.5,Rated
The Smiths,The World Won't Listen,1987,1980.0,,Unrated
The Beach Boys,Pet Sounds,1966,1960.0,5.0,Rated
Kate Bush,The Dreaming (2018 Remaster),1982,1980.0,,Unrated
Eminem,The Eminem Show,2002,2000.0,,Unrated
David Bowie,Low (2017 Remaster),1977,1970.0,,Unrated
Rage Against The Machine,The Battle Of Los Angeles,1999,1990.0,,Unrated
Katy Perry,Teenage Dream,2010,2010.0,,Unrated
Björk,Debut,1993,1990.0,,Unrated
Melody's Echo Chamber,Melody's Echo Chamber,2013,2010.0,,Unrated
Beach House,iTunes Session (2010),2010,2010.0,3.5,Rated
Tamaryn,The Waves,2010,2010.0,,Unrated
Nirvana,Nevermind (Remastered),1991,1990.0,5.0,Rated
The Magnetic Fields,69 Love Songs,1999,1990.0,,Unrated
The Velvet Underground,The Velvet Underground (45th Anniversary),1969,1960.0,4.5,Rated
The Notorious B.I.G.,Ready to Die (The Remaster),1994,1990.0,,Unrated
Radiohead,A Moon Shaped Pool,2016,2010.0,4.5,Rated
Ghostface Killah,Ironman,1996,1990.0,,Unrated
SNK SOUND TEAM,THE KING OF FIGHTERS '98 ORIGINAL SOUND TRACK,2016,2010.0,,Unrated
Atheist,Unquestionable Presence,1991,1990.0,,Unrated
Tom Zé,Estudando o samba,1976,1970.0,,Unrated
Jane Birkin,Jane Birkin & Serge Gainsbourg,1969,1960.0,4.0,Rated
Beach House,B-Sides and Rarities,2017,2010.0,,Unrated
Wu-Tang Clan,8 Diagrams,2007,2000.0,,Unrated
Cat Power,Jukebox (South America/Mexico Version),2008,2000.0,,Unrated
Metallica,Master Of Puppets (Remastered),1986,1980.0,,Unrated
Caifanes,El Nervio Del Volcan,1994,1990.0,4.5,Rated
Various Artists,(500) Days of Summer (Music from the Motion Picture),2009,2000.0,5.0,Rated
"Tyler, The Creator",Flower Boy,2017,2010.0,,Unrated
Slint,Spiderland,1991,1990.0,4.5,Rated
Daft Punk,Discovery,2001,2000.0,5.0,Rated
Interpol,Antics,2004,2000.0,,Unrated
Aphex Twin,Drukqs,2001,2000.0,,Unrated
Leonard Cohen,Songs Of Love And Hate,1971,1970.0,,Unrated
JAY-Z,Watch The Throne (Deluxe),2011,2010.0,,Unrated
She & Him,Volume One,2008,2000.0,5.0,Rated
Godspeed You! Black Emperor,Lift Your Skinny Fists Like Antennas to Heaven,2000,2000.0,,Unrated
Justin Timberlake,FutureSex/LoveSounds,2006,2000.0,4.0,Rated
Pink Floyd,The Piper at the Gates of Dawn,1967,1960.0,,Unrated
Aphex Twin,Selected Ambient Works Volume II,1994,1990.0,,Unrated
The Jesus and Mary Chain,Psychocandy (Expanded Version),1985,1980.0,,Unrated
Daft Punk,Human After All,2005,2000.0,,Unrated
Godspeed You! Black Emperor,Slow Riot for New Zero Kanada,1998,1990.0,5.0,Rated
Placebo,Sleeping With Ghosts,2003,2000.0,,Unrated
Boards of Canada,In A Beautiful Place Out In The Country,2000,2000.0,,Unrated
Public Enemy,Apocalypse 91… The Enemy Strikes Black,1991,1990.0,,Unrated
Frederic Rzewski,Rzewski: The People United Will Never Be Defeated!,1999,1990.0,,Unrated
The Cranberries,Bury The Hatchet,1999,1990.0,,Unrated
At the Drive-In,Acrobatic Tenement,1996,1990.0,4.5,Rated
Mastodon,Crack the Skye,2009,2000.0,,Unrated
maudlin of the Well,"""Bath""",2001,2000.0,,Unrated
Morrissey,Kill Uncle (2013 Remaster),1991,1990.0,,Unrated
Wu-Tang Clan,The W,2000,2000.0,,Unrated
Meshuggah,ObZen,2008,2000.0,,Unrated
Boris,Boris at Last - Feedbacker,2003,2000.0,5.0,Rated
The Strokes,The New Abnormal,2020,2020.0,5.0,Rated
M.I.A.,Kala,2007,2000.0,,Unrated
Burzum,Filosofem,1996,1990.0,,Unrated
Les Rallizes Dénudés,'77 LIVE (2022 Remastered),2022,2020.0,,Unrated
The Strokes,Is This It,2001,2000.0,5.0,Rated
Vampire Weekend,Contra,2010,2010.0,,Unrated
The Mars Volta,Frances the Mute,2005,2000.0,5.0,Rated
Julio Revueltas,De Tierra y Cielo,1996,1990.0,,Unrated
Beach House,Beach House,2006,2000.0,,Unrated
Various Artists,Nightmare Before Christmas Special Edition,2006,2000.0,,Unrated
Jaguares,El Equilibrio De Los Jaguares,1996,1990.0,,Unrated
Ulver,Perdition City,2000,2000.0,,Unrated
Jaguares,Cuando La Sangre Galopa,2001,2000.0,,Unrated
Portishead,Dummy,1994,1990.0,5.0,Rated
At the Drive-In,In / Casino / Out,1998,1990.0,,Unrated
Radiohead,The Bends,1995,1990.0,4.5,Rated
Frank Ocean,channel ORANGE,2012,2010.0,,Unrated
Ice Cube,AmeriKKKa's Most Wanted,1990,1990.0,,Unrated
Morrissey,You Are the Quarry,2004,2000.0,,Unrated
Aperture Science Psychoacoustic Laboratories,Portal 2: Songs to Test by (Collectors Edition),2012,2010.0,,Unrated
Pink Floyd,Animals,1977,1970.0,,Unrated
Sonic Youth,Daydream Nation (Remastered Original Album),1988,1980.0,,Unrated
Tame Impala,Lonerism,2012,2010.0,,Unrated
My Chemical Romance,Three Cheers for Sweet Revenge,2004,2000.0,4.5,Rated
Juan Gabriel,Celebrando 25 Años De Juan Gabriel En El Palacio De Bellas Artes,1998,1990.0,,Unrated
Sigur Rós,( ),2002,2000.0,,Unrated
Iron & Wine,The Shepherd's Dog,2007,2000.0,,Unrated
Portishead,Portishead,1997,1990.0,,Unrated
Brigitte Fontaine,Comme à la radio,1972,1970.0,,Unrated
Radiohead,Pablo Honey,1993,1990.0,2.5,Rated
The Beatles,Past Masters (Vols. 1 & 2 / Remastered),1988,1980.0,4.0,Rated
The Strokes,Room On Fire,2003,2000.0,4.0,Rated
Aqua,Aquarium (Special Edition),1997,1990.0,,Unrated
David Bowie,Aladdin Sane (2013 Remaster),1973,1970.0,,Unrated
Yeah Yeah Yeahs,Is Is EP,2007,2000.0,,Unrated
Café Tacvba,Cuatro Caminos,2003,2000.0,,Unrated
KT Tunstall,Eye To The Telescope,2005,2000.0,,Unrated
The White Stripes,De Stijl,2000,2000.0,,Unrated
The Cure,Galore - The Singles 1987-1997,1997,1990.0,,Unrated
GZA,Liquid Swords,1995,1990.0,,Unrated
Nas,Illmatic,1994,1990.0,,Unrated
Björk,Homogenic,1997,1990.0,4.0,Rated
The Beatles,Please Please Me (Remastered),1963,1960.0,4.0,Rated
The Beatles,Anthology 2,1996,1990.0,,Unrated
Yeah Yeah Yeahs,Show Your Bones,2006,2000.0,,Unrated
Pulp,Different Class,1995,1990.0,,Unrated
Eric B. & Rakim,Paid In Full,1987,1980.0,,Unrated
Camera Obscura,Let's Get Out Of This Country,2006,2000.0,5.0,Rated
Nine Inch Nails,The Downward Spiral,1994,1990.0,,Unrated
my bloody valentine,ep’s 1988-1991 and rare tracks,2012,2010.0,,Unrated
Björk,Post,1995,1990.0,4.5,Rated
The Beatles,Revolver (Remastered),1966,1960.0,4.5,Rated
GAS,Zauberberg,1997,1990.0,,Unrated
Neutral Milk Hotel,On Avery Island,1996,1990.0,4.5,Rated
Soda Stereo,El Ultimo Concierto A (Remastered),1997,1990.0,,Unrated
my little airport,在動物園散步才是正經事,2004,2000.0,,Unrated
The White Stripes,Get Behind Me Satan,2005,2000.0,,Unrated
Aphex Twin,Girl/Boy EP,1996,1990.0,,Unrated
Wu-Tang Clan,Enter The Wu-Tang (36 Chambers) [Expanded Edition],1993,1990.0,5.0,Rated
Sleater-Kinney,Dig Me Out (Remastered),1997,1990.0,4.0,Rated
Paramore,Riot!,2007,2000.0,,Unrated
my bloody valentine,loveless,1991,1990.0,,Unrated
Yo La Tengo,I Can Hear The Heart Beating As One,1997,1990.0,,Unrated
Yndi Halda,Enjoy Eternal Bliss,2007,2000.0,,Unrated
Sunny Day Real Estate,Diary (2009 Edition),1994,1990.0,,Unrated
The Smashing Pumpkins,Siamese Dream (2011 - Remaster),1993,1990.0,,Unrated
She & Him,A Very She & Him Christmas,2011,2010.0,,Unrated
Azul Violeta,Globoscopio,1996,1990.0,,Unrated
Kraftwerk,Computer World (2009 Remaster),1981,1980.0,,Unrated
Lykke Li,Wounded Rhymes,2011,2010.0,,Unrated
Zoé,Rocanlover,2003,2000.0,,Unrated
The Smiths,Louder Than Bombs,1987,1980.0,,Unrated
Pink Floyd,Meddle,1971,1970.0,,Unrated
Boards of Canada,Twoism,2002,2000.0,,Unrated
She & Him,Volume Two,2010,2010.0,,Unrated
Madonna,Like a Prayer,1989,1980.0,,Unrated
David Bowie,The Rise and Fall of Ziggy Stardust and the Spiders from Mars (2012 Remaster),1972,1970.0,5.0,Rated
Explosions In The Sky,The Earth Is Not a Cold Dead Place,2003,2000.0,,Unrated
The Flaming Lips,Yoshimi Battles the Pink Robots,2002,2000.0,,Unrated
Massive Attack,Mezzanine,1998,1990.0,,Unrated
Darkthrone,Transilvanian Hunger,1994,1990.0,,Unrated
Portishead,Third,2008,2000.0,,Unrated
Róisín Murphy,Ruby Blue,2005,2000.0,,Unrated
Coldplay,X&Y,2005,2000.0,,Unrated
Animal Collective,Sung Tongs,2004,2000.0,,Unrated
Kendrick Lamar,DAMN.,2017,2010.0,,Unrated
Morrissey,Your Arsenal (Definitive Master),1992,1990.0,,Unrated
CHVRCHES,Love Is Dead,2018,2010.0,,Unrated
The Prodigy,The Fat of the Land,1997,1990.0,,Unrated
Justice,Justice,2007,2000.0,,Unrated
Radiohead,My Iron Lung,1994,1990.0,4.0,Rated
Arcade Fire,Neon Bible,2007,2000.0,,Unrated
Madonna,Celebration (Bonus Track Version),2009,2000.0,,Unrated
Northern Portrait,The Fallen Aristocracy EP,2008,2000.0,,Unrated
The Smashing Pumpkins,Machina / The Machines Of God,2000,2000.0,,Unrated
David Bowie,"""Heroes"" (2017 Remaster)",1977,1970.0,,Unrated
The Cardigans,Life,1995,1990.0,,Unrated
The Beatles,Anthology 3,1996,1990.0,,Unrated
Regina Spektor,Begin to Hope,2006,2000.0,,Unrated
Rage Against The Machine,Rage Against The Machine,1992,1990.0,5.0,Rated
Kristeen Young,V the Volcanic,2011,2010.0,,Unrated
Pink Floyd,The Dark Side of the Moon,1973,1970.0,4.0,Rated
The Replacements,Let It Be (Expanded),1984,1980.0,,Unrated
Daft Punk,Random Access Memories,2013,2010.0,4.5,Rated
Melt-Banana,Bambi's Dilemma,2007,2000.0,,Unrated
deadmau5,Random Album Title,2008,2000.0,,Unrated
Oasis,Heathen Chemistry,2002,2000.0,,Unrated
CHVRCHES,The Bones of What You Believe (Special Edition),2013,2010.0,5.0,Rated
The White Stripes,The White Stripes,1999,1990.0,,Unrated
Café Tacvba,Café Tacvba,1992,1990.0,,Unrated
Talking Heads,Fear of Music,1979,1970.0,,Unrated
アトラスサウンドチーム,PERSONA5 ORIGINAL SOUNDTRACK,2017,2010.0,,Unrated
Wu-Tang Clan,Wu-Tang Forever,1997,1990.0,,Unrated
George Harrison,All Things Must Pass (2014 Remaster),1970,1970.0,,Unrated
Autopsy,Mental Funeral,1991,1990.0,,Unrated
Interpol,Turn On The Bright Lights,2002,2000.0,,Unrated
Boards of Canada,Geogaddi,2002,2000.0,,Unrated
Ol' Dirty Bastard,Return to the 36 Chambers: The Dirty Version,1995,1990.0,,Unrated
DJ Shadow,Endtroducing.....,1996,1990.0,,Unrated
Gorillaz,Gorillaz,2001,2000.0,,Unrated
Animal Collective,Strawberry Jam,2007,2000.0,4.5,Rated
Björk,Vespertine,2001,2000.0,,Unrated
Belle and Sebastian,If You're Feeling Sinister,1996,1990.0,5.0,Rated
Kanye West,The College Dropout,2004,2000.0,,Unrated
Oasis,Be Here Now (Remastered),1997,1990.0,,Unrated
The Smashing Pumpkins,Adore (2014 Remaster),1998,1990.0,,Unrated
King Crimson,Larks' Tongues In Aspic (Expanded & Remastered Original Album Mix),1973,1970.0,,Unrated
Róisín Murphy,Overpowered,2007,2000.0,,Unrated
Lana Del Rey,Born To Die,2012,2010.0,,Unrated
t.A.T.u.,200 KM/H In The Wrong Lane (10th Anniversary Edition),2002,2000.0,,Unrated
Placebo,Without You I'm Nothing,1998,1990.0,,Unrated
Thom Yorke,The Eraser,2006,2000.0,,Unrated
The Velvet Underground,The Velvet Underground & Nico 45th Anniversary,1967,1960.0,5.0,Rated
mewithoutYou,"Brother, Sister",2006,2000.0,,Unrated
Café Tacvba,SINO,2007,2000.0,,Unrated
The Weeknd,After Hours,2020,2020.0,,Unrated
Jamiroquai,Travelling Without Moving (Remastered),1996,1990.0,,Unrated
Sigh,Scorn Defeat (Special Edition),1993,1990.0,,Unrated
Pixies,Surfer Rosa,1988,1980.0,,Unrated
The Beatles,Rubber Soul (Remastered),1965,1960.0,4.5,Rated
Oasis,Definitely Maybe (Remastered),1994,1990.0,,Unrated
Arctic Monkeys,"Whatever People Say I Am, That's What I'm Not",2006,2000.0,4.0,Rated
Beach House,Teen Dream,2010,2010.0,5.0,Rated
Tom Waits,Rain Dogs (2023 Remaster),1985,1980.0,,Unrated
The Verve,Urban Hymns (Remastered 2016),1997,1990.0,,Unrated
Slowdive,Souvlaki,1993,1990.0,,Unrated
Regina Spektor,Far (Deluxe Version),2009,2000.0,,Unrated
Metallica,Metallica (Remastered),1991,1990.0,,Unrated
The Cardigans,First Band On The Moon (Remastered),1996,1990.0,,Unrated
Oasis,Don't Believe The Truth,2005,2000.0,,Unrated
Spiritualized,Ladies and gentlemen we are floating in space,1997,1990.0,,Unrated
Britney Spears,Greatest Hits: My Prerogative,2007,2000.0,3.5,Rated
Queens of the Stone Age,Songs For The Deaf,2002,2000.0,,Unrated
Lady Gaga,The Fame Monster,2009,2000.0,,Unrated
Aphex Twin,Windowlicker,1999,1990.0,,Unrated
Exuma,"Exuma, The Obeah Man",1970,1970.0,,Unrated
Pearl Jam,Ten,1991,1990.0,,Unrated
The Jesus and Mary Chain,Darklands (Expanded Version),1987,1980.0,,Unrated
Compton's Most Wanted,Music To Driveby,1992,1990.0,,Unrated
Sigur Rós,Með suð í eyrum við spilum endalaust,2008,2000.0,,Unrated
Pink Floyd,The Wall,1979,1970.0,,Unrated
Thom Yorke,ANIMA,2019,2010.0,,Unrated
Joy Division,Unknown Pleasures,1979,1970.0,,Unrated
The Cardigans,Gran Turismo (Remastered),1998,1990.0,,Unrated
The Smiths,Meat Is Murder,1985,1980.0,4.5,Rated
Air,Moon Safari,1998,1990.0,,Unrated
Inon Zur,Fallout 3: Original Game Soundtrack,2008,2000.0,,Unrated
Kate Bush,The Sensual World (2018 Remaster),1989,1980.0,,Unrated
Vampire Weekend,Vampire Weekend,2008,2000.0,,Unrated
Zoé,MTV Unplugged Música De Fondo (Reissue/Live),2011,2010.0,,Unrated
J Dilla,Donuts,2006,2000.0,,Unrated
Madonna,GHV2,2001,2000.0,,Unrated
David Bowie,Scary Monsters (And Super Creeps) [2017 Remaster],1980,1980.0,,Unrated
Depeche Mode,Violator (2006 Remaster),1990,1990.0,,Unrated
Jaguares,Cronicas De Un Laberinto,2005,2000.0,,Unrated
Mos Def,Black On Both Sides,1999,1990.0,,Unrated
Jimmy Eat World,Clarity,1999,1990.0,,Unrated
Shakira,Donde Estan Los Ladrones,1998,1990.0,,Unrated
Elliott Smith,Either/Or,1997,1990.0,5.0,Rated
The Cardigans,Emmerdale,1994,1990.0,,Unrated
U2,The Best Of 1990-2000,2002,2000.0,,Unrated
Snoop Dogg,Doggystyle,1993,1990.0,,Unrated
Plastilina Mosh,Tasty + B Sides,2006,2000.0,,Unrated
The Cure,Staring At The Sea - The Singles,1986,1980.0,,Unrated
TOOL,Lateralus,2001,2000.0,,Unrated
Cocteau Twins,Heaven or Las Vegas,1990,1990.0,5.0,Rated
Morrissey,Vauxhall and I (20th Anniversary Definitive Master),1994,1990.0,,Unrated
Kanye West,Late Registration,2005,2000.0,,Unrated
Azul Violeta,America,1985,1980.0,,Unrated
Modest Mouse,The Lonesome Crowded West,1997,1990.0,,Unrated
Radiohead,Hail To the Thief,2003,2000.0,4.0,Rated
U2,Achtung Baby,1991,1990.0,,Unrated
Ulver,Bergtatt,1994,1990.0,,Unrated
The Mars Volta,Amputechture,2006,2000.0,,Unrated
Sophie Ellis-Bextor,Trip The Light Fantastic (International Version),2007,2000.0,,Unrated
Eminem,Curtain Call: The Hits (Deluxe Edition),2005,2000.0,,Unrated
Morrissey,Bona Drag,1990,1990.0,,Unrated
Charizma,Big Shots,2003,2000.0,,Unrated
SQUARE ENIX MUSIC,FINAL FANTASY X Original Soundtrack,2001,2000.0,,Unrated
Modest Mouse,The Moon & Antarctica,2000,2000.0,,Unrated
Lou Reed,Transformer,1972,1970.0,,Unrated
Autechre,LP5,1998,1990.0,4.0,Rated
Daft Punk,Homework,1997,1990.0,,Unrated
U2,The Joshua Tree,1987,1980.0,,Unrated
Maldita Vecindad Y Los Hijos Del 5to. Patio,El Circo,1991,1990.0,,Unrated
Radiohead,In Rainbows,2007,2000.0,5.0,Rated
Animal Collective,Honeycomb / Gotham,2012,2010.0,,Unrated
Oasis,Be Here Now,1997,1990.0,,Unrated
Lana Del Rey,Norman Fucking Rockwell!,2019,2010.0,,Unrated
The Smiths,The Queen Is Dead,1986,1980.0,5.0,Rated
Parts & Labor,Mapmaker,2007,2000.0,,Unrated
Jimi Hendrix,Electric Ladyland,1968,1960.0,,Unrated
"Tyler, The Creator",IGOR,2019,2010.0,5.0,Rated
Mark Ronson,Here Comes The Fuzz,2003,2000.0,,Unrated
Björk,Volta,2007,2000.0,,Unrated
Panda Bear,Person Pitch,2007,2000.0,,Unrated
Lykke Li,Youth Novels,2008,2000.0,,Unrated
Elliott Smith,From A Basement On The Hill,2004,2000.0,,Unrated
Cat Power,Moon Pix,1998,1990.0,,Unrated
LCD Soundsystem,LCD Soundsystem,2005,2000.0,,Unrated
Juan Gabriel,En el Palacio de Bellas Artes,1990,1990.0,,Unrated
Alcest,Écailles de lune,2010,2010.0,,Unrated
Animal Collective,Merriweather Post Pavilion,2009,2000.0,5.0,Rated
The Smiths,The Smiths,1984,1980.0,5.0,Rated
The White Stripes,Elephant,2003,2000.0,,Unrated
Radiohead,OK Computer,1997,1990.0,5.0,Rated
SNK SOUND TEAM,THE KING OF FIGHTERS '99 ORIGINAL SOUND TRACK,2016,2010.0,,Unrated
David Bowie,Hunky Dory (2015 Remaster),1971,1970.0,,Unrated
Radiohead,Kid A,2000,2000.0,5.0,Rated
Neurosis,Through Silver In Blood,1996,1990.0,,Unrated
Rage Against The Machine,Renegades,2000,2000.0,,Unrated
LOOΠΔ / ODD EYE CIRCLE,Max & Match,2017,2010.0,,Unrated
System Of A Down,Toxicity,2001,2000.0,,Unrated
Metallica,…And Justice for All (Remastered),1988,1980.0,,Unrated
Mastodon,Leviathan,2004,2000.0,,Unrated
Boards of Canada,Music Has The Right To Children,1998,1990.0,5.0,Rated
SNK SOUND TEAM,THE KING OF FIGHTERS '97 ORIGINAL SOUND TRACK,2016,2010.0,,Unrated
The Field Mice,Snowball,1989,1980.0,,Unrated
Carla Morrison,Mientras Tú Dormías,2010,2010.0,,Unrated
Radiohead,KID A MNESIA,2021,2020.0,4.5,Rated
Windham Hell,Reflective Depths Imbibe,1999,1990.0,,Unrated
The Beatles,Sgt. Pepper's Lonely Hearts Club Band (Remastered),1967,1960.0,4.0,Rated
The Paper Chase,God Bless Your Black Heart,2004,2000.0,,Unrated
Gravediggaz,6 Feet Deep,1994,1990.0,,Unrated
Maybeshewill,Not for Want of Trying,2008,2000.0,,Unrated
Auktyon,Птица,1994,1990.0,,Unrated
Strapping Young Lad,Alien,2005,2000.0,,Unrated
Charles Mingus,The Black Saint And The Sinner Lady,1963,1960.0,4.5,Rated
Morrissey,Viva Hate (2011 Remaster),1988,1980.0,,Unrated
Eminem,The Marshall Mathers LP,2000,2000.0,,Unrated
DANGERDOOM,THE MOUSE & THE MASK,2005,2000.0,,Unrated
Aphex Twin,...I Care Because You Do,1995,1990.0,,Unrated
Zoé,Reptilectric,2008,2000.0,,Unrated
King Crimson,In The Court Of The Crimson King (Expanded & Remastered Original Album Mix),1969,1960.0,4.5,Rated
Carly Rae Jepsen,Emotion,2015,2010.0,4.5,Rated
Beach House,Devotion,2008,2000.0,,Unrated
Boards of Canada,The Campfire Headphase,2005,2000.0,,Unrated
The Doors,Strange Days,1967,1960.0,,Unrated
The Beatles,A Hard Day's Night (Remastered),1964,1960.0,4.0,Rated
Descartes A Kant,Paper Dolls,2006,2000.0,,Unrated
The White Stripes,White Blood Cells,2001,2000.0,,Unrated
The Roots,Rising Down,2008,2000.0,,Unrated
TOOL,Ænima,1996,1990.0,,Unrated
Arcade Fire,Funeral,2004,2000.0,4.5,Rated
Coldplay,Parachutes,2000,2000.0,,Unrated
Jeff Rosenstock,WORRY.,2016,2010.0,5.0,Rated
Radiohead,In Rainbows (Disk 2),2007,2000.0,4.0,Rated
Kate Bush,The Kick Inside (2018 Remaster),1978,1970.0,,Unrated
Metronomy,The English Riviera,2011,2010.0,,Unrated
Kendrick Lamar,"good kid, m.A.A.d city (Deluxe)",2012,2010.0,,Unrated
Slowdive,Just For A Day,1991,1990.0,,Unrated
Michael Jackson,The Essential Michael Jackson,2005,2000.0,,Unrated
Aphex Twin,Richard D. James Album,1996,1990.0,,Unrated
Tame Impala,Currents,2015,2010.0,,Unrated
Morrissey,Maladjusted,1997,1990.0,,Unrated
Aphex Twin,Selected Ambient Works 85-92,1992,1990.0,5.0,Rated
Grimes,Visions,2012,2010.0,,Unrated
Black Milk,Tronic,2008,2000.0,,Unrated
Jaguares,El Primer Instinto,2002,2000.0,,Unrated
Disclosure,Settle (Special Edition),2013,2010.0,,Unrated
Feist,The Reminder,2007,2000.0,,Unrated
Raekwon,Only Built 4 Cuban Linx...,1995,1990.0,,Unrated
Ulver,Kveldssanger,1995,1990.0,,Unrated
Autechre,Garbage,1995,1990.0,4.0,Rated
Elliott Smith,Figure 8,2000,2000.0,,Unrated
Boards of Canada,Trans Canada Highway,2006,2000.0,,Unrated
The Notorious B.I.G.,Life After Death (2014 Remastered Edition),1997,1990.0,,Unrated
Café Tacvba,Re,1994,1990.0,5.0,Rated
Charles Mingus,Blues & Roots,1960,1960.0,,Unrated
John Coltrane,A Love Supreme,1965,1960.0,,Unrated
Manic Street Preachers,The Holy Bible 20 (Remastered),1994,1990.0,,Unrated
Morrissey,Beethoven Was Deaf,1993,1990.0,,Unrated
Kanye West,The Life Of Pablo,2016,2010.0,,Unrated
Travis,The Invisible Band,2001,2000.0,,Unrated
Belle and Sebastian,Dear Catastrophe Waitress,2003,2000.0,5.0,Rated
Beirut,The Rip Tide,2011,2010.0,,Unrated
Grimes,Art Angels,2015,2010.0,5.0,Rated
The Smiths,"Strangeways, Here We Come",1987,1980.0,4.5,Rated
Placebo,Placebo,1996,1990.0,,Unrated
Boards of Canada,Hi Scores,1996,1990.0,,Unrated
Placebo,Covers,2003,2000.0,,Unrated
King Crimson,Discipline,1981,1980.0,,Unrated
J-Live,The Best Part,2001,2000.0,,Unrated
Animal Collective,Ark,2003,2000.0,,Unrated
Slowdive,Pygmalion,1995,1990.0,,Unrated
Prince,Purple Rain,1984,1980.0,,Unrated
Caifanes,Caifanes,1988,1980.0,4.5,Rated
Cocteau Twins,Treasure,1984,1980.0,,Unrated
Le Volume Courbe,I Killed My Best Friend,2005,2000.0,,Unrated
Kate Bush,Lionheart,1978,1970.0,,Unrated
Lootpack,Soundpieces: Da Antidote,1999,1990.0,,Unrated
Jimi Hendrix,Are You Experienced,1967,1960.0,,Unrated
Godspeed You! Black Emperor,F♯ A♯ ∞,1997,1990.0,,Unrated
Elliott Smith,New Moon,2007,2000.0,,Unrated
Cabezas de Cera,Cabezas de Cera,2000,2000.0,,Unrated
Daft Punk,Alive 2007,2007,2000.0,,Unrated
The Cardigans,Life (Remastered),1995,1990.0,,Unrated
Delinquent Habits,Merry Go Round,2001,2000.0,,Unrated
The Cure,Disintegration,1989,1980.0,,Unrated
The Smashing Pumpkins,Gish (Remastered),1991,1990.0,,Unrated
Nirvana,In Utero - 20th Anniversary Remaster,1993,1990.0,,Unrated
Kendrick Lamar,To Pimp A Butterfly,2015,2010.0,,Unrated
