Album_id,Album,Album_Artist,Type,Year,Decade,Suggested_Rating,Rating,Updated_date
00oVPPcp3eor9x6VG2hvhy,Akuma No Uta,Boris,Album,2003,2000.0,,,2023-09-12 11:33:39
014VFkpQp37zfAXRyyZmBq,The Pains of Being Pure at Heart,The Pains Of Being Pure At Heart,Album,2009,2000.0,3.46,4.0,2023-09-18 13:20:12
01TG7VOg4F90jXv3a1yCgA,The Smile Sessions,The Beach Boys,Album,2011,2010.0,4.25,4.5,2023-08-09 23:28:04
02PXepuNHYKvGnXYy03oCp,Bloom,Beach House,Album,2012,2010.0,,,2023-09-12 16:57:10
03zH4bkGb2jSZAQIVW2px1,Let My Children Hear Music,Charles Mingus,Album,1972,1970.0,,,2023-09-12 14:42:00
04FfqGvZJ9oUBGRVrq2FE5,Bryter Layter,Nick Drake,Album,1970,1970.0,,,2023-09-12 16:31:05
04uhhcjGVCHodMgZjXOlye,Deltron 3030,Deltron 3030,Album,2000,2000.0,,,2023-09-12 15:02:24
05J8PFXdYKeYNb8YjqqJYr,Endless Summer,The Beach Boys,Compilation,1974,1970.0,3.45,3.5,2023-08-09 23:22:45
08ipn1MH7xqgoqhUbtvCTy,Caracal (Deluxe),Disclosure,Album,2015,2010.0,,,2023-09-12 16:43:45
09LdvC3k8ybEmyeiShUWw2,Mellon Collie And The Infinite Sadness,The Smashing Pumpkins,Album,1995,1990.0,4.52,5.0,2023-08-09 03:33:16
0agYsmUl1uS32ZFHKQ8L8W,Houdini,Melvins,Album,1993,1990.0,,,2023-09-12 11:35:30
0aZZ90ZakcGFzFiBMKHrCy,Their Law The Singles 1990 - 2005,The Prodigy,Compilation,2005,2000.0,,,2023-09-12 16:48:30
0bCAjiUamIFqKJsekOYuRw,Wish You Were Here,Pink Floyd,Album,1975,1970.0,3.98,4.0,2023-07-22 01:24:09
0BiNb8HYR4JvuxUa31Z58Q,Automatic For The People,R.E.M.,Album,1992,1990.0,,,2023-09-12 19:22:35
0bUTHlWbkSQysoM3VsWldT,Demon Days,Gorillaz,Album,2005,2000.0,,,2023-09-12 16:32:09
0CA2EVHhRPR5VPV78KZw89,Deloused in the Comatorium,The Mars Volta,Album,2003,2000.0,4.78,5.0,2023-08-10 01:22:29
0cn6MHyx4YuZauaB7Pb66o,Mezmerize,System Of A Down,Album,2005,2000.0,3.51,4.0,2023-09-12 22:54:22
0CoNLgOwcZGBUSwd9fAZuy,Presenting the Fabulous Ronettes Featuring Veronica,The Ronettes,Album,1964,1960.0,,,2023-06-01 23:03:13
0DFYbYCcHCEJPcN1hODG6K,Plastic Ono Band,John Lennon,Album,1970,1970.0,,,2023-09-12 12:03:42
0DQyTVcDhK9wm0f6RaErWO,Doolittle,Pixies,Album,1989,1980.0,,,2023-06-01 22:58:18
0EabZMx74C2wyXhvMMO1eI,Fever To Tell,Yeah Yeah Yeahs,Album,2003,2000.0,,,2023-09-12 21:27:23
0ETFjACtuP2ADo6LFhL6HN,Abbey Road (Remastered),The Beatles,Album,1969,1960.0,4.62,5.0,2023-06-26 00:13:31
0Ewp4PEIzkcAyrC463a5xF,Let Love In (2011 Remastered Version),Nick Cave & The Bad Seeds,Album,1994,1990.0,,,2023-09-12 19:16:09
0EZNeEs8bgLH2QoqouxCcm,It's Blitz!,Yeah Yeah Yeahs,Album,2009,2000.0,,,2023-09-12 21:27:31
0fO8mzViUoz12iCHrPppE9,MTV Unplugged,Café Tacvba,Album,1996,1990.0,,,2023-09-12 14:22:22
0hB42ZAD897hziy7Jfe6Si,Tremulant,The Mars Volta,EP,2002,2000.0,3.75,3.5,2023-08-10 00:34:13
0HcHPBu9aaF1MxOiZmUQTl,Absolution,Muse,Album,2004,2000.0,,,2023-09-12 19:14:19
0HeAK5QnrTRrksc2WuTYgy,Soviet Kitsch,Regina Spektor,Album,2004,2000.0,,,2023-09-12 21:04:25
0HHmJpwOXXRJu9HI9iQiEO,White Light / White Heat,The Velvet Underground,Album,1968,1960.0,4.11,4.5,2023-08-10 01:23:16
0hQOqvZv1nQvPiBjzyn363,Talkie Walkie,Air,Album,2004,2000.0,,,2023-09-12 16:40:09
0Hre57CORsiZN5rwHunPQu,Gilberto Gil (1968),Gilberto Gil,Album,1968,1960.0,,,2023-06-01 22:36:01
0jTGHV5xqHPvEcwL8f6YU5,Let It Be (Remastered),The Beatles,Album,1970,1970.0,3.74,3.5,2023-06-26 00:58:02
0K4DpGioXU2rkHJEXoarWm,GIMME SOME TRUTH. (Deluxe),John Lennon,Compilation,2020,2020.0,,,2023-09-12 12:04:40
0k9Oh11PrdeZ6ngoJGhWMk,El Ultimo Concierto B (Remastered),Soda Stereo,Album,1997,1990.0,,,2023-09-12 14:36:46
0KBdfMTMxi0oD1oVqApTjr,Closer,Joy Division,Album,1980,1980.0,,,2023-09-12 18:52:22
0KBFDO8qcY0zhybIESEQUt,Never for Ever (2018 Remaster),Kate Bush,Album,1980,1980.0,,,2023-09-12 18:54:22
0kfT6lwFmXyepSvoItP4sa,Lazer Guided Melodies,Spiritualized,Album,1992,1990.0,,,2023-09-12 21:17:45
0kL3TYRsSXnu0iJvFO3rud,untitled unmastered.,Kendrick Lamar,Album,2016,2010.0,,,2023-06-01 22:45:57
0lw68yx3MhKflWFqCsGkIs,Black Holes and Revelations,Muse,Album,2006,2000.0,,,2023-09-12 19:13:58
0MWrKayUshRuT8maG4ZAOU,Station to Station (2016 Remaster),David Bowie,Album,1976,1970.0,,,2023-09-12 12:02:22
0nZUgRGeIf1YcKmAK6F5yq,Statues,Moloko,Album,2003,2000.0,,,2023-06-01 22:50:56
0PhJJToPch4jCjrfQjyarw,Black Market Music,Placebo,Album,2000,2000.0,,,2023-09-12 19:21:42
0PnuQg8OK4KoOPrwhgyKRQ,The Boy With the Arab Strap,Belle and Sebastian,Album,1998,1990.0,,,2023-09-12 16:58:37
0PT5m6hwPRrpBwIHVnvbFX,Help! (Remastered),The Beatles,Album,1965,1960.0,3.79,4.0,2023-08-09 23:36:40
0Pv5bdtwTTBSHy9GyUe9um,Relationship Of Command,At the Drive-In,Album,2000,2000.0,4.49,5.0,2023-08-09 22:17:23
0qJ30kPyjNkKjtV5h0JpHm,Pornography,The Cure,Album,1982,1980.0,,,2023-09-12 18:46:37
0qY6lBQSi8IMJjHYDPdAqX,James Blake,James Blake,Album,2011,2010.0,,,2023-09-12 16:46:19
0r2BUyPTmpbfuz4rR39mLl,One Of The Boys,Katy Perry,Album,2008,2000.0,,,2023-09-12 12:17:26
0r7o2FeARRr23EZ0TJ0a8S,Talking Heads '77,Talking Heads,Album,1977,1970.0,,,2023-09-12 11:52:40
0RHX9XECH8IVI3LNgWDpmQ,A Rush of Blood to the Head,Coldplay,Album,2002,2000.0,,,2023-09-12 18:45:25
0rmhjUgoVa17LZuS8xWQ3v,Pure Heroine,Lorde,Album,2013,2010.0,,,2023-09-12 18:57:10
0rPtXOMN42nsLDiShvGamv,Yankee Hotel Foxtrot,Wilco,Album,2002,2000.0,4.55,5.0,2023-08-09 22:40:52
0SeTonJJPjy57LqiCDmeEM,Emergency on Planet Earth (Remastered),Jamiroquai,Album,1993,1990.0,,,2023-06-01 22:39:24
0TaYPOKCUDyvZU2APQ7kPM,Dah Shinin',Smif-N-Wessun,Album,1995,1990.0,,,2023-09-12 15:02:05
0tE70YWZ0bNSEgOYl945l9,Preemptive Strike,DJ Shadow,Compilation,1998,1990.0,,,2023-09-12 16:44:10
0TGTGuc2vXv6ZECoAf52N0,Good News For People Who Love Bad News,Modest Mouse,Album,2004,2000.0,,,2023-09-12 19:11:48
0tzfI6NFJqcJkWb23R3lRZ,OK Computer OKNOTOK 1997 2017,Radiohead,Album,2017,2010.0,4.12,5.0,2023-08-10 00:18:57
0um9FI6BLBldL5POP4D4Cw,The Stone Roses,The Stone Roses,Album,1989,1980.0,,,2023-07-30 22:37:50
0uR1cnrej7aGnRIptQxVaR,The Boy With No Name,Travis,Album,2007,2000.0,,,2023-09-12 21:19:56
0vgbFgcYqm2B0csVXvo8d5,Roman Candle,Elliott Smith,Album,1994,1990.0,,,2023-09-12 18:47:22
0vVekV45lOaVKs6RZQQNob,In the Aeroplane Over the Sea,Neutral Milk Hotel,Album,1998,1990.0,4.82,5.0,2023-08-11 16:30:54
0vxg8oJKDu3i0bXQu7vEpi,Blackstar,David Bowie,Album,2016,2010.0,,,2023-09-12 12:03:00
0w0jXq1fLPMPCNsVmmxNnc,Elliott Smith,Elliott Smith,Album,1995,1990.0,4.35,4.5,2023-08-10 00:47:11
0W24HSFFqDU6gBmEadAjOd,Peel Session,Boards of Canada,EP,1999,1990.0,3.6,3.5,2023-09-18 17:23:15
0WMWadJs4xUOIv5bmgR79W,Pisces Iscariot (Remastered),The Smashing Pumpkins,Album,1994,1990.0,,,2023-09-12 21:13:56
0WSpHK6tinGHU4gvP8fHih,The Best Of 1980 - 1990,U2,Compilation,1998,1990.0,,,2023-09-12 21:21:54
0xawWBAjFaa8dk7IJJsIFH,Rodrigo y Gabriela,Rodrigo y Gabriela,Album,2006,2000.0,,,2023-06-01 23:09:18
0XKw8i6Hlz6oV9moQcjjR5,Yanqui U.X.O.,Godspeed You! Black Emperor,Album,2002,2000.0,,,2023-09-12 11:59:25
0xzaemKucrJpYhyl7TltAk,Imagine,John Lennon,Album,1971,1970.0,,,2023-09-12 12:03:34
0Y7qkJVZ06tS2GUCDptzyW,Straight Outta Compton,N.W.A.,Album,1988,1980.0,,,2023-09-12 16:26:52
11ghskpbs7SPZa4X6WAzlq,One Word Extinguisher,Prefuse 73,Album,2003,2000.0,,,2023-09-12 16:48:17
11kNM2Qz9AnObYsX3PQzuM,Every Open Eye,CHVRCHES,Album,2015,2010.0,,,2023-09-12 18:43:29
12l2wzD5nzNIAzfuDnX7P8,Night Ripper,Girl Talk,Album,2006,2000.0,,,2023-09-12 16:45:12
13dGZzRzFoejmyVXAbTPAH,Red (Expanded & Remastered Original Album Mix),King Crimson,Album,1974,1970.0,4.32,4.5,2023-08-10 01:18:56
15Fb7HPHdy42No0l9KnXAZ,"Hissing Fauna, Are You The Destroyer?",of Montreal,Album,2007,2000.0,,,2023-06-01 22:55:18
194CqC2Zi0kUFEPWedb3qr,Depression Cherry,Beach House,Album,2015,2010.0,,,2023-09-12 16:57:13
19bQiwEKhXUBJWY6oV3KZk,Madvillainy,Madvillain,Album,2004,2000.0,4.56,5.0,2023-08-10 00:24:29
1A3nVEWRJ8yvlPzawHI1pQ,Father of the Bride,Vampire Weekend,Album,2019,2010.0,,,2023-08-05 00:02:21
1aHxOwnGJWLSB2KfiUPoZG,Memo Rex Commander y el Corazón Atómico de la Vía Láctea,Zoé,Album,2006,2000.0,,,2023-09-12 14:40:45
1avl9iL9ZRN2O0Z1831cKw,The Masterplan,Oasis,Compilation,1998,1990.0,,,2023-09-12 19:20:39
1aYdiJk6XKeHWGO3FzHHTr,With The Beatles (Remastered),The Beatles,Album,1963,1960.0,3.49,3.5,2023-08-09 03:03:26
1B5Lwt0D1ZetRreaCBYobP,Feed the Animals,Girl Talk,Album,2008,2000.0,,,2023-06-01 22:36:19
1bgkxe4t0HNeLn9rhrx79x,Blur: The Best Of,Blur,Compilation,2000,2000.0,,,2023-09-12 16:59:21
1Bwo9JkbVwxGyvtQNMRK21,No Need To Argue (The Complete Sessions 1994-1995),The Cranberries,Album,1994,1990.0,,,2023-09-12 18:46:01
1BZoqf8Zje5nGdwZhOjAtD,The Miseducation of Lauryn Hill,Ms. Lauryn Hill,Album,1998,1990.0,,,2023-09-12 16:27:57
1c7eigkoEcDAKKhkajY3Br,Any Other City,Life Without Buildings,Album,2000,2000.0,,,2023-06-01 22:51:52
1cCAb1vN8uUsdfEylVmTLs,The Infamous,Mobb Deep,Album,1995,1990.0,,,2023-09-12 16:27:25
1CEODgTmTwLyabvwd7HBty,Viva La Vida or Death and All His Friends,Coldplay,Album,2008,2000.0,,,2023-09-12 18:45:29
1cUp1HbKtGF7CiSl962vH5,The Man Who,Travis,Album,1999,1990.0,,,2023-09-12 21:19:42
1D5rJguejtaG3KTREQVd3I,Southpaw Grammar,Morrissey,Album,1995,1990.0,,,2023-09-12 19:13:08
1Dh27pjT3IEdiRG9Se5uQn,Origin of Symmetry,Muse,Album,2001,2000.0,4.0,4.0,2023-08-10 01:10:49
1DMMv1Kmoli3Y9fVEZDUVC,Ágætis byrjun,Sigur Rós,Album,1999,1990.0,,,2023-06-01 23:07:03
1dQADTXF672pzeJPcRwjbs,Vaya,At the Drive-In,Album,1999,1990.0,,,2023-09-12 16:29:52
1F8y2bg9V9nRoy8zuxo3Jt,Heligoland,Massive Attack,Album,2010,2010.0,,,2023-09-12 16:47:38
1fvWYcbjuycyHpzNPH1Vfk,"10,000 Days",TOOL,Album,2006,2000.0,,,2023-09-12 21:19:16
1gKAuYWacmDF9bpHlLBLcX,Wu-Tang Iron Flag,Wu-Tang Clan,Album,2001,2000.0,,,2023-09-12 16:23:19
1gsoIHeBan6QywhysNgApK,Our Love To Admire,Interpol,Album,2007,2000.0,,,2023-09-12 18:48:43
1GXMNFfoHF4sN7lG8gZq1j,Modern Vampires of the City,Vampire Weekend,Album,2013,2010.0,,,2023-06-01 23:19:30
1Hod8O8aRjCE5RG6aI1GKl,Nattens Madrigal,Ulver,Album,1997,1990.0,,,2023-09-12 11:43:57
1HrMmB5useeZ0F5lHrMvl0,Amnesiac,Radiohead,Album,2001,2000.0,3.67,3.5,2023-06-26 11:22:31
1IoiJGsAHdL0OL9IOjTflm,Sun,Cat Power,Album,2012,2010.0,,,2023-09-12 21:30:19
1j57Q5ntVi7crpibb0h4sv,Hatful of Hollow,The Smiths,Compilation,1984,1980.0,4.95,5.0,2023-06-26 01:05:28
1jpUMnKpRlng1OJN7LJauV,The Fame,Lady Gaga,Album,2008,2000.0,,,2023-09-12 12:15:59
1JvXxLsm0PxlGH4LXzqMGq,Remain in Light,Talking Heads,Album,1980,1980.0,,,2023-09-12 11:53:00
1jWmEhn3ggaL6isoyLfwBn,The Doors,The Doors,Album,1967,1960.0,,,2023-09-12 11:56:59
1klALx0u4AavZNEvC4LrTL,The Beatles (Remastered),The Beatles,Album,1968,1960.0,4.04,4.5,2023-06-26 00:41:12
1kmyirVya5fRxdjsPFDM05,Paul's Boutique (20th Anniversary Edition / Remastered),Beastie Boys,Album,1989,1980.0,,,2023-09-12 16:25:36
1l1gFL41bdfI32LBdYlUqS,The Greatest,Cat Power,Album,2006,2000.0,,,2023-09-12 18:42:46
1lM5IfaqcIsXd6UCV3aDSs,Settle (Deluxe),Disclosure,Album,2013,2010.0,,,2023-06-01 22:33:34
1Lr3IdIToxtcNiCLcf04MB,Where'd You Learn To Kiss That Way?,The Field Mice,Album,1998,1990.0,,,2023-06-01 23:05:35
1mJFgPeuLhU1PzLNBURdJC,The Soft Bulletin,The Flaming Lips,Album,1999,1990.0,,,2023-09-12 18:48:10
1nTvIQEXvygqSIqc2vuwAz,Ride The Lightning (Remastered),Metallica,Album,1984,1980.0,,,2023-09-12 11:37:26
1NWA2fPLUAW5df7UGI5thp,Double Fantasy,John Lennon,Album,1980,1980.0,,,2023-09-12 12:03:38
1OhcoQdeYqt68I22NWEdF0,Allelujah! Don't Bend! Ascend!,Godspeed You! Black Emperor,Album,2012,2010.0,,,2023-09-12 11:59:31
1p12OAWwudgMqfMzjMvl2a,The Low End Theory,A Tribe Called Quest,Album,1991,1990.0,4.25,4.5,2023-08-09 03:51:34
1pBBIxK5yURfbv8Xd5lta1,Anthology 1,The Beatles,Compilation,1995,1990.0,,,2023-09-12 21:29:02
1pFUGy3ABpLRRE3oNMPbDb,Little Earthquakes,Tori Amos,Album,1992,1990.0,4.62,5.0,2023-08-09 23:18:43
1pOl0KEC1iQnA6F0XxV4To,Illinois,Sufjan Stevens,Album,2005,2000.0,,,2023-06-01 23:12:02
1pW7rMYUOJBzCMaAzq15ik,People,Animal Collective,Single,2007,2000.0,,,2023-09-12 16:52:56
1QPO8nPF5Q2u3zeFZHZUQF,North Star Deserter,Vic Chesnutt,Album,2007,2000.0,,,2023-09-12 21:24:12
1Rrqz4UccdnB1w4V4y2zYL,"When Life Gives You Lemons, You Paint That Shit Gold",Atmosphere,Album,2008,2000.0,4.15,4.5,2023-08-09 22:20:28
1RUmW02aR9SjIKRY6cFJ5S,I,Meshuggah,Single,2004,2000.0,,,2023-09-12 11:35:51
1td0hx7C7mdZGvekzMD1CL,The Eye of Every Storm,Neurosis,Album,2004,2000.0,,,2023-06-01 22:46:35
1Td5bSMxDrTIDAvxJQIo5t,Roseland NYC Live,Portishead,Album,1998,1990.0,,,2023-07-25 00:37:45
1To7kv722A8SpZF789MZy7,MTV Unplugged In New York,Nirvana,Album,1994,1990.0,3.7,4.0,2023-08-10 01:20:29
1UcS2nqUhxrZjrBZ3tHk2N,MM...FOOD,MF DOOM,Album,2004,2000.0,,,2023-09-12 16:24:03
1UsmQ3bpJTyK6ygoOOjG1r,Speakerboxxx/The Love Below,Outkast,Album,2003,2000.0,,,2023-09-12 16:26:37
1vANZV20H5B4Fk6yf7Ot9a,Beatles For Sale (Remastered),The Beatles,Album,1964,1960.0,3.19,3.5,2023-08-09 23:33:11
1vdQ5t7iO2gC3OX7j2GFCt,I Might Be Wrong,Radiohead,EP,2001,2000.0,3.88,4.0,2023-08-05 22:57:53
1vo55G8xWatvOHe38UF9yD,Running With Scissors,"""Weird Al"" Yankovic",Album,1999,1990.0,,,2023-09-18 14:10:21
1VW1MFNstaJuygaoTPkdCk,(What's The Story) Morning Glory? [Remastered],Oasis,Album,1995,1990.0,3.67,4.0,2023-07-18 22:22:19
1WBZyULtlANBKed7Zf9cDP,Greatest Hits,2Pac,Compilation,1998,1990.0,4.06,4.5,2023-08-09 03:40:33
1WrK98KVZxkTgMD3a9Kpnl,El Silencio,Caifanes,Album,1992,1990.0,4.51,5.0,2023-08-09 04:01:39
1ww8GdNvrF0dgJbrnVZmAr,Hounds of Love (2018 Remaster),Kate Bush,Album,1985,1980.0,,,2023-09-12 18:54:17
1xHWwGSoF1DNE4hqgBRkJX,Superunknown,Soundgarden,Album,1994,1990.0,,,2023-09-12 21:17:02
1XkGORuUX2QGOEIL4EbJKm,Favourite Worst Nightmare,Arctic Monkeys,Album,2007,2000.0,3.13,3.0,2023-08-09 03:48:22
1Ye7yrA7vAlQnoooj8yDXb,Love,The Beatles,Compilation,2006,2000.0,,,2023-09-12 21:29:23
1zfh94JtrSuduoJzGitL9D,Live At Earls Court,Morrissey,Album,2005,2000.0,,,2023-09-12 19:12:52
1zOxlHQGGV6EH7n4OIFTyh,XO,Elliott Smith,Album,1998,1990.0,,,2023-06-26 01:06:14
20IklXmkirz07Lpv6jnLNB,Expensive Shit,Fela Kuti,Single,1975,1970.0,4.79,5.0,2023-10-22 22:39:14
20r762YmB5HeofjMCiPMLv,My Beautiful Dark Twisted Fantasy,Kanye West,Album,2010,2010.0,4.58,5.0,2023-08-10 01:17:44
21EglTSwzUorpiXpMBNW2E,Uptown Saturday Night,Camp Lo,Album,1997,1990.0,,,2023-09-12 16:29:12
21LZ1OSKbxSU5I7QBUalW8,Feels,Animal Collective,Album,2005,2000.0,3.81,4.0,2023-09-13 22:38:27
23pU48SJQenRgzDDek2bor,Clap Your Hands Say Yeah,Clap Your Hands Say Yeah,Album,2005,2000.0,,,2023-09-12 18:43:49
24E6rDvGDuYFjlGewp4ntF,Evil Empire,Rage Against The Machine,Album,1996,1990.0,,,2023-09-12 19:23:36
25mCHdzcOvPkKjMOnbjgtK,Emmerdale (Remastered),The Cardigans,Album,1994,1990.0,,,2023-06-01 23:03:37
268J4Sl3DpX5l7KrxHRv2g,Mediocre,Ximena Sariñana,Album,2008,2000.0,,,2023-09-12 14:40:26
26tCIQLKWbhFIEOGJ2VKrB,Napoleon Sweetheart EP,Northern Portrait,Single,2008,2000.0,,,2023-09-12 19:17:28
26ykyKCa7xOHOnzLdGARfz,Nigga Please,Ol' Dirty Bastard,Album,1999,1990.0,,,2023-09-12 16:24:44
277GP8d3KlBSQwMZJza6pe,Hvis Lyset Tar Oss,Burzum,Album,1994,1990.0,4.06,4.5,2023-08-09 22:30:37
27BPbrHO41bTHwFLXMHMGe,Neurosis & Jarboe,Neurosis,Album,2003,2000.0,,,2023-09-12 11:40:20
27D8ocwRauxTXCZKIbpZKg,Aprendiendo a Aprender,Carla Morrison,Single,2010,2010.0,,,2023-09-12 14:23:00
27UqZoE1kV6sIV6uQcI28A,Brand New Eyes,Paramore,Album,2009,2000.0,,,2023-09-12 19:18:51
29exN2kWgZTxFh687nwi2r,Aeroplane Flies High,The Smashing Pumpkins,Compilation,2013,2010.0,4.32,4.5,2023-08-09 23:10:29
29U9LtzSF0ftWiLNNw1CP6,First Love,Hikaru Utada,Album,1999,1990.0,3.35,3.5,2023-08-09 03:28:42
2Aiv0ThDpFa7lqHphR6MN5,Songs Of Leonard Cohen,Leonard Cohen,Album,1967,1960.0,,,2023-06-01 22:52:46
2ANVost0y2y52ema1E9xAZ,Thriller,Michael Jackson,Album,1982,1980.0,3.72,4.0,2023-09-18 13:28:20
2B87zXm9bOWvAJdkJBTpzF,Melodrama,Lorde,Album,2017,2010.0,,,2023-09-12 18:57:06
2BRqfk8jL7y3egZqlc5MkU,The Devil And God Are Raging Inside Me,Brand New,Album,2006,2000.0,,,2023-06-01 20:30:24
2BtE7qm1qzM80p9vLSiXkj,Magical Mystery Tour (Remastered),The Beatles,Album,1967,1960.0,4.39,4.5,2023-06-26 00:44:17
2BwbUYJeuUsv6LUA6GZHB4,Leaving Your Body Map,maudlin of the Well,Album,2001,2000.0,,,2023-06-01 22:50:17
2cdr9bgZKUMUptKSMuC8mP,A Sun That Never Sets,Neurosis,Album,2001,2000.0,,,2023-09-12 11:39:16
2cGrlR3OJwtQXUa4aQJRCV,El Diablito,Caifanes,Album,1990,1990.0,4.38,4.5,2023-08-09 03:58:47
2clbQSNocEJCzkuPPuc00q,The World Won't Listen,The Smiths,Compilation,1987,1980.0,,,2023-09-12 21:15:42
2CNEkSE8TADXRT2AzcEt1b,Pet Sounds,The Beach Boys,Album,1966,1960.0,4.63,5.0,2023-08-09 22:58:46
2cRwYvvGigsHqk63ZGfuI2,The Dreaming (2018 Remaster),Kate Bush,Album,1982,1980.0,,,2023-09-12 18:54:13
2cWBwpqMsDJC1ZUwz813lo,The Eminem Show,Eminem,Album,2002,2000.0,,,2023-06-27 12:49:35
2de6LD7eOW8zrlorbS28na,Low (2017 Remaster),David Bowie,Album,1977,1970.0,,,2023-09-12 12:03:06
2eia0myWFgoHuttJytCxgX,The Battle Of Los Angeles,Rage Against The Machine,Album,1999,1990.0,,,2023-09-12 19:23:39
2eQMC9nJE3f3hCNKlYYHL1,Teenage Dream,Katy Perry,Album,2010,2010.0,,,2023-09-12 12:17:22
2Fb37JsRMVPASJcl3wwDOa,Debut,Björk,Album,1993,1990.0,,,2023-09-12 16:58:59
2FKVlcqyS9nzKEHrOzbuwb,Melody's Echo Chamber,Melody's Echo Chamber,Album,2013,2010.0,,,2023-09-12 16:39:09
2g53XChTyB6nL04uP0zgnT,iTunes Session (2010),Beach House,EP,2010,2010.0,3.72,3.5,2023-09-18 16:56:40
2GrLKfN6dTb4o7Eoz6pqSG,The Waves,Tamaryn,Album,2010,2010.0,,,2023-09-12 21:18:40
2guirTSEqLizK7j9i1MTTZ,Nevermind (Remastered),Nirvana,Album,1991,1990.0,4.36,5.0,2023-08-10 01:16:16
2GuROKcqyHdpIDcgxml1C7,69 Love Songs,The Magnetic Fields,Album,1999,1990.0,,,2023-06-01 23:01:20
2HOf3Nb44Us8U9oEtKLSrX,The Velvet Underground (45th Anniversary),The Velvet Underground,Album,1969,1960.0,4.38,4.5,2023-08-10 01:25:23
2HTbQ0RHwukKVXAlTmCZP2,Ready to Die (The Remaster),The Notorious B.I.G.,Album,1994,1990.0,,,2023-06-27 01:35:25
2ix8vWvvSp2Yo7rKMiWpkg,A Moon Shaped Pool,Radiohead,Album,2016,2010.0,4.0,4.5,2023-08-10 00:13:40
2jCjUgaDh9lVGju6u3cGvK,Ironman,Ghostface Killah,Album,1996,1990.0,,,2023-09-12 16:23:44
2jHlhUfsq7QM7qKskddp7a,THE KING OF FIGHTERS '98 ORIGINAL SOUND TRACK,SNK SOUND TEAM,Album,2016,2010.0,,,2023-09-12 11:48:18
2JMEuDyva5OlVX1LU894vt,Unquestionable Presence,Atheist,Album,1991,1990.0,,,2023-09-12 11:30:53
2jOgajtpXNsinBpwg2dUjH,Estudando o samba,Tom Zé,Album,1976,1970.0,,,2023-06-01 23:17:13
2JR65ppK6Z6h1lfV5fy7Fr,Jane Birkin & Serge Gainsbourg,Jane Birkin,Album,1969,1960.0,3.96,4.0,2023-08-09 23:42:38
2K3XaSsGQ9Bxxr7byYAcrO,B-Sides and Rarities,Beach House,Album,2017,2010.0,,,2023-09-12 16:57:37
2kmturIqUUInZKyD2EW8oU,8 Diagrams,Wu-Tang Clan,Album,2007,2000.0,,,2023-09-12 14:59:20
2LlLW4LqZdYFCGvZaxxnH9,Jukebox (South America/Mexico Version),Cat Power,Album,2008,2000.0,,,2023-09-12 18:42:59
2Lq2qX3hYhiuPckC8Flj21,Master Of Puppets (Remastered),Metallica,Album,1986,1980.0,,,2023-06-30 00:24:53
2mPZNQNgW1zrkIPyL9XJcf,El Nervio Del Volcan,Caifanes,Album,1994,1990.0,4.16,4.5,2023-08-09 22:00:43
2n5AOB0lGse7qp38HvVROB,(500) Days of Summer (Music from the Motion Picture),Various Artists,Compilation,2009,2000.0,4.53,5.0,2023-08-09 22:38:24
2nkto6YNI4rUYTLqEwWJ3o,Flower Boy,"Tyler, The Creator",Album,2017,2010.0,,,2023-06-01 23:19:06
2NnkLRaeX33d1Mn8ZLgTo8,Spiderland,Slint,Album,1991,1990.0,4.45,4.5,2023-08-09 22:49:52
2noRn2Aes5aoNVsU6iWThc,Discovery,Daft Punk,Album,2001,2000.0,4.64,5.0,2023-06-26 01:01:04
2OFkUKYNNFQ74kJOSc9gzz,Antics,Interpol,Album,2004,2000.0,,,2023-09-12 18:48:50
2oJo7cB45gMVuRsaWNwDq2,Drukqs,Aphex Twin,Album,2001,2000.0,,,2023-09-12 16:38:26
2Om4oR7plGGub1aYe5uB7B,Songs Of Love And Hate,Leonard Cohen,Album,1971,1970.0,,,2023-06-01 22:52:51
2P2Xwvh2xWXIZ1OWY9S9o5,Watch The Throne (Deluxe),JAY-Z,Album,2011,2010.0,,,2023-06-01 22:39:58
2qIu18hUz5c6BzY3Rh6fIJ,Volume One,She & Him,Album,2008,2000.0,4.57,5.0,2023-08-09 22:48:21
2rT82YYlV9UoxBYLIezkRq,Lift Your Skinny Fists Like Antennas to Heaven,Godspeed You! Black Emperor,Album,2000,2000.0,,,2023-10-23 00:49:52
2scB1uhcCI1TSf6b9TCZK3,FutureSex/LoveSounds,Justin Timberlake,Album,2006,2000.0,3.99,4.0,2023-08-10 00:36:36
2Se4ZylF9NkFGD92yv1aZC,The Piper at the Gates of Dawn,Pink Floyd,Album,1967,1960.0,,,2023-09-12 11:55:56
2SZZihZiCsFo87NKxDfxlH,Selected Ambient Works Volume II,Aphex Twin,Album,1994,1990.0,,,2023-09-12 16:38:30
2t1hVEwp82QebO7lq21Vto,Psychocandy (Expanded Version),The Jesus and Mary Chain,Album,1985,1980.0,,,2023-09-12 18:51:48
2T7DdrOvsqOqU9bGTkjBYu,Human After All,Daft Punk,Album,2005,2000.0,,,2023-09-12 16:42:30
2tA6VFMIQuSF3KpXsrulw9,Slow Riot for New Zero Kanada,Godspeed You! Black Emperor,EP,1998,1990.0,4.79,5.0,2023-08-11 17:31:44
2toHnQWm3IbSocaWGYi9J4,Sleeping With Ghosts,Placebo,Album,2003,2000.0,,,2023-09-12 19:21:26
2U2WNneO3RdYEASjRI2OZx,In A Beautiful Place Out In The Country,Boards of Canada,Single,2000,2000.0,,,2023-09-12 16:40:44
2UqKqZofb9pdapHk4HzRUo,Apocalypse 91… The Enemy Strikes Black,Public Enemy,Album,1991,1990.0,,,2023-09-12 15:00:01
2UwpqBhXetY9k8RzLgBjHH,Rzewski: The People United Will Never Be Defeated!,Frederic Rzewski,Album,1999,1990.0,,,2023-09-12 16:34:57
2v9PjvIkQVnyQdtD1iQD7e,Bury The Hatchet,The Cranberries,Album,1999,1990.0,,,2023-09-12 18:46:03
2VHpCS4RKmaIHoaIBZFeip,Acrobatic Tenement,At the Drive-In,Album,1996,1990.0,4.02,4.5,2023-08-09 22:10:02
2W2nqEKXWBorbq5yvm3jZg,Crack the Skye,Mastodon,Album,2009,2000.0,,,2023-09-12 11:35:12
2wA3MvoZFWXgOJqoY5ebyK,"""Bath""",maudlin of the Well,Album,2001,2000.0,,,2023-06-01 22:50:13
2wa3NSRvKgsUqIuEgRcl6K,Kill Uncle (2013 Remaster),Morrissey,Album,1991,1990.0,,,2023-09-12 19:13:00
2WU4hhnp2kjPckmjqdL1RT,The W,Wu-Tang Clan,Album,2000,2000.0,,,2023-09-12 16:28:22
2x2VoPa1pG2jSElA73a9Xa,ObZen,Meshuggah,Album,2008,2000.0,,,2023-09-12 11:35:43
2Xbd3EI9auhlw5WOKnNX3H,Boris at Last - Feedbacker,Boris,Album,2003,2000.0,4.59,5.0,2023-08-09 22:29:36
2xkZV2Hl1Omi8rk2D7t5lN,The New Abnormal,The Strokes,Album,2020,2020.0,4.58,5.0,2023-08-01 13:25:33
2xoj2gYed3IYmGWn3owSfu,Kala,M.I.A.,Album,2007,2000.0,,,2023-09-12 12:18:50
2XQwZUu0MM9ECgwHbcc8qR,Filosofem,Burzum,Album,1996,1990.0,,,2023-09-12 11:33:53
2YJo8wNg6DLNM5HnvKscxJ,'77 LIVE (2022 Remastered),Les Rallizes Dénudés,Album,2022,2020.0,,,2023-06-01 22:52:26
2yNaksHgeMQM9Quse463b5,Is This It,The Strokes,Album,2001,2000.0,4.77,5.0,2023-06-26 00:50:05
2zcMgU6PAlLUDQMqZcxxUU,Contra,Vampire Weekend,Album,2010,2010.0,,,2023-06-01 23:19:34
30iqYID1JMBXLVFfErwTSd,Frances the Mute,The Mars Volta,Album,2005,2000.0,4.84,5.0,2023-08-10 00:25:43
31ExO574C1STc9kdetX86e,De Tierra y Cielo,Julio Revueltas,Album,1996,1990.0,,,2023-09-12 14:27:58
32bJgeIOAFiNkucTCje5O5,Beach House,Beach House,Album,2006,2000.0,,,2023-09-12 16:57:07
32hXKuDkMnpQaOI67xQj86,Nightmare Before Christmas Special Edition,Various Artists,Compilation,2006,2000.0,,,2023-06-01 20:44:11
345ZGeUupFETaN36llAJCR,El Equilibrio De Los Jaguares,Jaguares,Album,1996,1990.0,,,2023-09-12 14:24:11
34GSeS7UvvKclKHIXohqjP,Perdition City,Ulver,Album,2000,2000.0,,,2023-09-12 11:44:00
34tUyIhu60YIorGbAoIty9,Cuando La Sangre Galopa,Jaguares,Album,2001,2000.0,,,2023-09-12 14:24:23
3539EbNgIdEDGBKkUf4wno,Dummy,Portishead,Album,1994,1990.0,4.77,5.0,2023-08-10 00:38:03
35qZXJifEQcpWnKP6E4oNv,In / Casino / Out,At the Drive-In,Album,1998,1990.0,,,2023-09-12 16:29:48
35UJLpClj5EDrhpNIi4DFg,The Bends,Radiohead,Album,1995,1990.0,4.21,4.5,2023-06-26 11:24:19
392p3shh2jkxUxY2VHvlH8,channel ORANGE,Frank Ocean,Album,2012,2010.0,,,2023-06-21 13:31:53
3AI5kAUjgNtZBwFRi6opDc,AmeriKKKa's Most Wanted,Ice Cube,Album,1990,1990.0,,,2023-09-12 14:59:41
3AOI0WbFQWOvgRZQrMPGXG,You Are the Quarry,Morrissey,Album,2004,2000.0,,,2023-09-12 19:12:44
3avDuVP1Ua1QsCXLoSStHb,Portal 2: Songs to Test by (Collectors Edition),Aperture Science Psychoacoustic Laboratories,Album,2012,2010.0,,,2023-09-12 11:49:00
3b4E89rxzZQ9zkhgKpj8N4,Animals,Pink Floyd,Album,1977,1970.0,,,2023-06-21 13:06:37
3BYlBcND6PeKoW6ZODjZO3,Daydream Nation (Remastered Original Album),Sonic Youth,Album,1988,1980.0,,,2023-06-01 23:11:48
3C2MFZ2iHotUQOSBzdSvM7,Lonerism,Tame Impala,Album,2012,2010.0,,,2023-06-01 23:04:13
3DuiGV3J09SUhvp8gqNx8h,Three Cheers for Sweet Revenge,My Chemical Romance,Album,2004,2000.0,4.04,4.5,2023-08-09 22:12:20
3EdXKrmsoiThC0FWi9ctNH,Celebrando 25 Años De Juan Gabriel En El Palacio De Bellas Artes,Juan Gabriel,Album,1998,1990.0,,,2023-09-12 14:24:47
3FR8CV7OSyZDnxneavnh8t,( ),Sigur Rós,Album,2002,2000.0,,,2023-06-01 23:07:06
3fzjXU2SSKero9gVMcPivX,The Shepherd's Dog,Iron & Wine,Album,2007,2000.0,,,2023-09-12 18:49:00
3G36754KQVLyGuskraEAVA,Portishead,Portishead,Album,1997,1990.0,,,2023-07-25 01:01:41
3G54etiYBOGVge7ynJAo0i,Comme à la radio,Brigitte Fontaine,Album,1972,1970.0,,,2023-09-12 14:41:45
3gBVdu4a1MMJVMy6vwPEb8,Pablo Honey,Radiohead,Album,1993,1990.0,2.87,2.5,2023-08-10 00:10:34
3GmCXW10kLxmZrEY0JpRlw,Past Masters (Vols. 1 & 2 / Remastered),The Beatles,Compilation,1988,1980.0,3.9,4.0,2023-08-10 01:31:42
3HFbH1loOUbqCyPsLuHLLh,Room On Fire,The Strokes,Album,2003,2000.0,3.92,4.0,2023-08-05 04:58:32
3hHmYc6mrl6NkmRW1ZwYvm,Aquarium (Special Edition),Aqua,Album,1997,1990.0,,,2023-09-12 16:33:06
3HZKOk1knxrUU3y5ZIOdbz,Aladdin Sane (2013 Remaster),David Bowie,Album,1973,1970.0,,,2023-09-12 12:02:25
3I6TpzauRC5WzlNbrrdfqo,Is Is EP,Yeah Yeah Yeahs,Single,2007,2000.0,,,2023-09-12 21:27:20
3ifA4OUPiT92YB4vYtAdVh,Cuatro Caminos,Café Tacvba,Album,2003,2000.0,,,2023-09-12 14:22:32
3j70PDKieTWQAwas3bPHRZ,Eye To The Telescope,KT Tunstall,Album,2005,2000.0,,,2023-09-12 12:17:03
3jqKVacx9hnu47kCAG55T3,De Stijl,The White Stripes,Album,2000,2000.0,,,2023-09-12 21:25:07
3jRLyc2t1tExfVpdB88EUm,Galore - The Singles 1987-1997,The Cure,Compilation,1997,1990.0,,,2023-06-01 23:05:13
3k8xoyOXkGgZxUKgpmxz4P,Liquid Swords,GZA,Album,1995,1990.0,,,2023-06-01 22:37:56
3kEtdS2pH6hKcMU9Wioob1,Illmatic,Nas,Album,1994,1990.0,,,2023-09-12 16:19:40
3knDOJUQBAATXsKYLWO4k8,Homogenic,Björk,Album,1997,1990.0,3.97,4.0,2023-08-09 03:25:09
3KzAvEXcqJKBF97HrXwlgf,Please Please Me (Remastered),The Beatles,Album,1963,1960.0,3.73,4.0,2023-08-09 22:57:32
3Lf8VA23cMAl5imbABTZoo,Anthology 2,The Beatles,Compilation,1996,1990.0,,,2023-09-12 21:29:05
3lgIiynXHTZYaSvS1ZrMxG,Show Your Bones,Yeah Yeah Yeahs,Album,2006,2000.0,,,2023-09-12 21:27:35
3ly9T2L4pqTZijFgQssd3x,Different Class,Pulp,Album,1995,1990.0,,,2023-06-01 22:58:57
3miZDfDnP7SmOXAJXWdFmz,Paid In Full,Eric B. & Rakim,Album,1987,1980.0,,,2023-09-12 16:25:16
3NcGNYXKiHeygdXXL7czL1,Let's Get Out Of This Country,Camera Obscura,Album,2006,2000.0,4.67,5.0,2023-08-10 00:54:39
3nJnyDV8fwFpffo0EyHQto,The Downward Spiral,Nine Inch Nails,Album,1994,1990.0,,,2023-09-12 19:16:25
3OKQrIvUbcJN9kcFLmycsk,ep’s 1988-1991 and rare tracks,my bloody valentine,Album,2012,2010.0,,,2023-09-12 19:15:05
3p7WXDBxhC5KS9IFXnwae7,Post,Björk,Album,1995,1990.0,4.19,4.5,2023-08-09 03:21:37
3PRoXYsngSwjEQWR5PsHWR,Revolver (Remastered),The Beatles,Album,1966,1960.0,4.1,4.5,2023-08-08 23:13:53
3q8NuY6M6Ay1XA34vGpeud,Zauberberg,GAS,Album,1997,1990.0,,,2023-09-12 16:44:45
3QTmNqASavj7H8DPhFss1r,On Avery Island,Neutral Milk Hotel,Album,1996,1990.0,4.04,4.5,2023-08-10 01:12:57
3QTxxZucih0hympCczXXuO,El Ultimo Concierto A (Remastered),Soda Stereo,Album,1997,1990.0,,,2023-09-12 14:36:42
3R06MVz2i8ynBUfar35Ixk,在動物園散步才是正經事,my little airport,Album,2004,2000.0,,,2023-09-12 19:15:21
3rHeq4F5wnaLBjNtuz7Yvh,Get Behind Me Satan,The White Stripes,Album,2005,2000.0,,,2023-09-12 21:25:20
3RQQmkQEvNCY4prGKE6oc5,Un Verano Sin Ti,Bad Bunny,Album,2022,2020.0,,,2023-10-23 14:39:30
3TfLuGfGoYS978gsEsyTwZ,Girl/Boy EP,Aphex Twin,EP,1996,1990.0,3.59,4.0,2023-10-23 01:51:08
3tQd5mwBtVyxCoEo4htGAV,Enter The Wu-Tang (36 Chambers) [Expanded Edition],Wu-Tang Clan,Album,1993,1990.0,4.56,5.0,2023-08-09 22:46:16
3tshnNFNhHrO6NUQ0BHw42,Dig Me Out (Remastered),Sleater-Kinney,Album,1997,1990.0,4.0,4.0,2023-08-09 22:55:49
3UoOO8m0oxxvUHXUKf3qcZ,Riot!,Paramore,Album,2007,2000.0,,,2023-09-12 19:18:44
3USQKOw0se5pBNEndu82Rb,loveless,my bloody valentine,Album,1991,1990.0,,,2023-09-12 19:15:00
3V18DIKvRuwdxc2LE4wuac,I Can Hear The Heart Beating As One,Yo La Tengo,Album,1997,1990.0,,,2023-09-12 21:27:59
3V2hqMSF0oUvqSbSOkcx4G,Enjoy Eternal Bliss,Yndi Halda,Album,2007,2000.0,,,2023-09-12 12:00:09
3wdD2PQkm8N4ezZf732Oxv,Diary (2009 Edition),Sunny Day Real Estate,Album,1994,1990.0,,,2023-06-01 23:12:27
3YDm8Vu6IOjjVdLNHlJtj0,Siamese Dream (2011 - Remaster),The Smashing Pumpkins,Album,1993,1990.0,,,2023-09-12 21:12:08
3YrU19ATrTJinGwckoI5Dw,A Very She & Him Christmas,She & Him,Album,2011,2010.0,,,2023-09-12 21:09:43
3ZmohMIf51g01KO57xm6Zc,Globoscopio,Azul Violeta,Album,1996,1990.0,,,2023-09-12 14:20:15
42hCHiMtfs7mfBTVX3V6k7,Computer World (2009 Remaster),Kraftwerk,Album,1981,1980.0,,,2023-06-10 16:32:16
43uf0nTu6b5ReBCoQkLtsF,Wounded Rhymes,Lykke Li,Album,2011,2010.0,,,2023-09-12 18:57:55
45fpjQkEMNvYJn5SGPcCSX,Rocanlover,Zoé,Album,2003,2000.0,,,2023-09-12 14:40:54
45StnugV9WQMQwk4rRoTy8,Louder Than Bombs,The Smiths,Compilation,1987,1980.0,,,2023-09-12 21:15:19
468ZwCchVtzEbt9BHmXopb,Meddle,Pink Floyd,Album,1971,1970.0,,,2023-06-21 13:06:32
46YfeDd8YhuAcywdxZkRqf,Twoism,Boards of Canada,Album,2002,2000.0,,,2023-09-12 16:41:22
47A8zr0CzKLILnYcrXh2Rc,Volume Two,She & Him,Album,2010,2010.0,,,2023-09-12 21:09:37
48AGkmM7iO4jrELRnNZGPV,Like a Prayer,Madonna,Album,1989,1980.0,,,2023-09-12 12:19:09
48D1hRORqJq52qsnUYZX56,The Rise and Fall of Ziggy Stardust and the Spiders from Mars (2012 Remaster),David Bowie,Album,1972,1970.0,4.63,5.0,2023-08-10 00:32:08
49buCcKCJwxvdl0R2dMoIU,The Earth Is Not a Cold Dead Place,Explosions In The Sky,Album,2003,2000.0,,,2023-09-12 11:59:08
49LA20VMk65fQyEaIzYdvf,Yoshimi Battles the Pink Robots,The Flaming Lips,Album,2002,2000.0,,,2023-09-12 18:48:06
49MNmJhZQewjt06rpwp6QR,Mezzanine,Massive Attack,Album,1998,1990.0,,,2023-09-12 16:47:35
4a4g7PAi7KRsCQykBFqE5E,Transilvanian Hunger,Darkthrone,Album,1994,1990.0,,,2023-09-12 11:34:13
4BnNSzOWadogStvyYshJIo,Third,Portishead,Album,2008,2000.0,,,2023-06-01 22:58:37
4DILWb0ZQcBYBfmtJTSfpJ,Ruby Blue,Róisín Murphy,Album,2005,2000.0,,,2023-06-01 23:08:50
4E7bV0pzG0LciBSWTszra6,X&Y,Coldplay,Album,2005,2000.0,,,2023-09-12 18:45:35
4eBP58Wc5U1rmNt0BdQmMa,Sung Tongs,Animal Collective,Album,2004,2000.0,,,2023-09-12 16:52:25
4eLPsYPBmXABThSJ821sqY,DAMN.,Kendrick Lamar,Album,2017,2010.0,,,2023-06-01 22:45:14
4eMxaP2VDkK8yKP38Q8fkY,Your Arsenal (Definitive Master),Morrissey,Album,1992,1990.0,,,2023-09-12 19:13:26
4ePbJdHu99l50AwUnG1baG,Love Is Dead,CHVRCHES,Album,2018,2010.0,,,2023-09-12 18:43:33
4fdgcEVMdJe0KVgupMNJAP,The Fat of the Land,The Prodigy,Album,1997,1990.0,,,2023-09-12 16:48:25
4GGazqHvuKwxBjWLFaJkDL,Justice,Justice,Album,2007,2000.0,,,2023-06-01 22:43:39
4GqinDAWUcJ20wfCaie6f8,My Iron Lung,Radiohead,EP,1994,1990.0,3.8,4.0,2023-08-05 22:05:26
4GT6uZod4p5RiDMOVHOMme,Neon Bible,Arcade Fire,Album,2007,2000.0,,,2023-09-12 16:56:43
4GU7z3q6fg90MWrkTacYYG,Celebration (Bonus Track Version),Madonna,Compilation,2009,2000.0,,,2023-09-12 13:04:57
4HAlZJq9yg9ESubR7pzriv,The Fallen Aristocracy EP,Northern Portrait,Single,2008,2000.0,,,2023-09-12 19:17:33
4hrZp6mKgz0HG7UpRbNYQx,Machina / The Machines Of God,The Smashing Pumpkins,Album,2000,2000.0,,,2023-09-12 21:14:56
4I5zzKYd2SKDgZ9DRf5LVk,"""Heroes"" (2017 Remaster)",David Bowie,Album,1977,1970.0,,,2023-09-12 12:03:11
4k61t42VwBmNE7zmlZi0yJ,Life,The Cardigans,Album,1995,1990.0,,,2023-06-01 23:03:52
4l0xO28Y37MBBXQEcBIbXQ,Anthology 3,The Beatles,Compilation,1996,1990.0,,,2023-09-12 21:29:08
4L4tcx3itXbtx5kuchKhFE,Begin to Hope,Regina Spektor,Album,2006,2000.0,,,2023-06-01 23:08:19
4LaRYkT4oy47wEuQgkLBul,Rage Against The Machine,Rage Against The Machine,Album,1992,1990.0,4.75,5.0,2023-08-10 01:27:27
4lbIXey4sAKDeCnnjHnlAB,V the Volcanic,Kristeen Young,Album,2011,2010.0,,,2023-09-12 18:56:01
4LH4d3cOWNNsVw41Gqt2kv,The Dark Side of the Moon,Pink Floyd,Album,1973,1970.0,3.84,4.0,2023-07-22 00:55:53
4LwFCUyV4wM6SEg84PaLuL,Let It Be (Expanded),The Replacements,Album,1984,1980.0,,,2023-09-12 21:08:40
4m2880jivSbbyEGAKfITCa,Random Access Memories,Daft Punk,Album,2013,2010.0,4.31,4.5,2023-08-09 22:35:42
4M7enNLeaIFkNGUPGg7BVy,Bambi's Dilemma,Melt-Banana,Album,2007,2000.0,,,2023-09-12 19:11:15
4mcOY3wX8ZISk590p80GCl,Random Album Title,deadmau5,Album,2008,2000.0,,,2023-09-12 16:43:10
4mMan8IGNJUhZ6du15ki5T,Heathen Chemistry,Oasis,Album,2002,2000.0,,,2023-09-12 19:21:00
4mTFNkSq63GHT8i1HKC0nZ,The Bones of What You Believe (Special Edition),CHVRCHES,Album,2013,2010.0,4.52,5.0,2023-08-10 00:30:12
4Nemfc7fJzJmmqhBQ8khhj,The White Stripes,The White Stripes,Album,1999,1990.0,,,2023-09-12 21:25:12
4nTUHZSed3ZiQjKs8f5Zbr,Café Tacvba,Café Tacvba,Album,1992,1990.0,,,2023-09-12 14:22:11
4OLsnJQPTX0S6lODXw1MqC,Fear of Music,Talking Heads,Album,1979,1970.0,,,2023-09-12 11:53:32
4pJT0WKggr4xk149X8A6KC,PERSONA5 ORIGINAL SOUNDTRACK,アトラスサウンドチーム,Album,2017,2010.0,,,2023-09-12 11:48:41
4r3TaXjF2b1qwCpxjIpW43,Wu-Tang Forever,Wu-Tang Clan,Album,1997,1990.0,,,2023-09-12 16:28:59
4RzYS74QxvpqTDVwKbhuSg,All Things Must Pass (2014 Remaster),George Harrison,Album,1970,1970.0,,,2023-06-01 22:35:30
4slScQYRVQAdu1QdeP34T4,Mental Funeral,Autopsy,Album,1991,1990.0,,,2023-09-12 11:31:12
4sW8Eql2e2kdRP1A1R1clG,Turn On The Bright Lights,Interpol,Album,2002,2000.0,,,2023-06-01 22:38:38
4T7JGfRryhw5POaXalkApE,Geogaddi,Boards of Canada,Album,2002,2000.0,,,2023-09-12 16:40:36
4tI4WJdTN5MzDMRMl2i7VR,Return to the 36 Chambers: The Dirty Version,Ol' Dirty Bastard,Album,1995,1990.0,,,2023-06-01 22:55:41
4tUVkNYSFrrEqqrxBQW9PN,Endtroducing.....,DJ Shadow,Album,1996,1990.0,,,2023-06-27 01:42:08
4tUxQkrduOE8sfgwJ5BI2F,Gorillaz,Gorillaz,Album,2001,2000.0,,,2023-09-12 16:32:13
4TyyZazCkju7vwioaV1KyE,Strawberry Jam,Animal Collective,Album,2007,2000.0,4.43,4.5,2023-08-09 03:36:02
4u3MPfHM60rFFULJebZIay,Vespertine,Björk,Album,2001,2000.0,,,2023-06-01 20:27:24
4usPTyIIgnAZ9eiItfEYSK,If You're Feeling Sinister,Belle and Sebastian,Album,1996,1990.0,4.59,5.0,2023-08-09 03:54:41
4Uv86qWpGTxf7fU7lG5X6F,The College Dropout,Kanye West,Album,2004,2000.0,,,2023-06-01 22:44:00
4v3p8Xcv94Z7YAtlurC9Zi,Be Here Now (Remastered),Oasis,Album,1997,1990.0,,,2023-09-12 19:20:23
4vEwMwa4AemWV8Ws7nQuYi,Adore (2014 Remaster),The Smashing Pumpkins,Album,1998,1990.0,,,2023-09-12 21:12:58
4VKzYj7REUxkP1VXTdvSoV,Larks' Tongues In Aspic (Expanded & Remastered Original Album Mix),King Crimson,Album,1973,1970.0,,,2023-09-12 16:39:46
4VX43pbOazOuTzApLx3ub7,Overpowered,Róisín Murphy,Album,2007,2000.0,,,2023-09-12 16:49:30
4vXt6IpMcSnqonljffWlMI,Born To Die,Lana Del Rey,Album,2012,2010.0,,,2023-09-12 18:56:25
4vyPN44zoiJXE6hruCCrGB,200 KM/H In The Wrong Lane (10th Anniversary Edition),t.A.T.u.,Album,2002,2000.0,,,2023-09-12 12:19:30
4wxoPjHSYFYurNyKaEiZNT,Without You I'm Nothing,Placebo,Album,1998,1990.0,,,2023-09-12 19:21:30
4X8Y79gWo6xm7Osdapg58E,The Eraser,Thom Yorke,Album,2006,2000.0,,,2023-09-12 21:18:57
4xwx0x7k6c5VuThz5qVqmV,The Velvet Underground & Nico 45th Anniversary,The Velvet Underground,Album,1967,1960.0,4.5,5.0,2023-08-10 01:24:09
4yItCYzksCSiB8RcUsAdSg,"Brother, Sister",mewithoutYou,Album,2006,2000.0,,,2023-09-12 19:11:33
4yLlkceQbuq64zdFnxdCYB,SINO,Café Tacvba,Album,2007,2000.0,,,2023-09-12 14:22:17
4yP0hdKOZPNshxUOjY0cZj,After Hours,The Weeknd,Album,2020,2020.0,,,2023-08-05 20:14:53
4yrrPNjd9RcqnuDnoEhlER,Travelling Without Moving (Remastered),Jamiroquai,Album,1996,1990.0,,,2023-09-12 18:51:05
4Zb8cguHoQnJ6o8YApUvVv,Scorn Defeat (Special Edition),Sigh,Album,1993,1990.0,,,2023-09-12 11:41:01
50j4Wm1b9hLpSpPIA39Vp9,Surfer Rosa,Pixies,Album,1988,1980.0,,,2023-09-12 19:19:26
50o7kf2wLwVmOTVYJOTplm,Rubber Soul (Remastered),The Beatles,Album,1965,1960.0,4.04,4.5,2023-08-09 23:34:46
50xG9YujTzMGaLHfJTskBy,Definitely Maybe (Remastered),Oasis,Album,1994,1990.0,,,2023-09-12 19:19:53
50Zz8CkIhATKUlQMbHO3k1,"Whatever People Say I Am, That's What I'm Not",Arctic Monkeys,Album,2006,2000.0,3.53,4.0,2023-07-20 01:35:57
51AxfjN2gEt5qeJqPY5w0e,Teen Dream,Beach House,Album,2010,2010.0,4.75,5.0,2023-08-09 22:24:33
51CvLH7MxsLuFgTwVvzApx,Rain Dogs (2023 Remaster),Tom Waits,Album,1985,1980.0,,,2023-09-12 11:52:25
52AeC4gwbxDfFlLHgK1ByD,Urban Hymns (Remastered 2016),The Verve,Album,1997,1990.0,,,2023-09-12 21:23:47
53eHm1f3sFiSzWMaKOl98Z,Souvlaki,Slowdive,Album,1993,1990.0,,,2023-06-01 23:10:53
54wpNG2Xoa7vXzAvukmFB5,Far (Deluxe Version),Regina Spektor,Album,2009,2000.0,,,2023-09-12 21:04:47
55fq75UfkYbGMq4CncCtOH,Metallica (Remastered),Metallica,Album,1991,1990.0,,,2023-09-12 11:36:44
56vFkneGivqQcoNQq362iZ,First Band On The Moon (Remastered),The Cardigans,Album,1996,1990.0,,,2023-09-12 16:59:43
56VuARmradZgJcSaVucTWn,Don't Believe The Truth,Oasis,Album,2005,2000.0,,,2023-09-12 19:21:06
56YzQ0dhmRMDryZsrjdHun,Ladies and gentlemen we are floating in space,Spiritualized,Album,1997,1990.0,,,2023-09-12 21:17:55
574xhx2X0G9MkqACxqi4cg,Greatest Hits: My Prerogative,Britney Spears,Compilation,2007,2000.0,3.22,3.5,2023-09-18 14:01:27
58HZZpS0wxJKwGjoerg0mk,Songs For The Deaf,Queens of the Stone Age,Album,2002,2000.0,,,2023-09-12 11:41:12
58WSd6SDPOcbnnJ2tq0Ph8,The Fame Monster,Lady Gaga,Album,2009,2000.0,,,2023-09-12 12:15:56
59wyQv8zUfLulyPYefI8vh,Windowlicker,Aphex Twin,Single,1999,1990.0,,,2023-09-13 22:38:41
5aLromUeRYqVHVX55ZfKjm,"Exuma, The Obeah Man",Exuma,Album,1970,1970.0,,,2023-09-12 11:45:13
5B4PYA7wNN4WdEXdIJu58a,Ten,Pearl Jam,Album,1991,1990.0,,,2023-09-12 19:19:12
5cFb5EJLTQ7u6YuGE922tu,Darklands (Expanded Version),The Jesus and Mary Chain,Album,1987,1980.0,,,2023-09-12 18:51:56
5CfgVk92KTwjlfB66jAEvS,Music To Driveby,Compton's Most Wanted,Album,1992,1990.0,,,2023-09-12 16:24:30
5CtxgcqieOcYKyQjGKI0nY,Með suð í eyrum við spilum endalaust,Sigur Rós,Album,2008,2000.0,,,2023-09-12 11:59:42
5Dbax7G8SWrP9xyzkOvy2F,The Wall,Pink Floyd,Album,1979,1970.0,,,2023-09-12 11:56:12
5DDPFOJVHhc93OlqirbAtm,ANIMA,Thom Yorke,Album,2019,2010.0,,,2023-09-12 21:19:00
5Dgqy4bBg09Rdw7CQM545s,Unknown Pleasures,Joy Division,Album,1979,1970.0,,,2023-09-12 18:52:17
5DiOwioOBqVCSH6IwGBXEc,Gran Turismo (Remastered),The Cardigans,Album,1998,1990.0,,,2023-09-12 16:59:48
5DM1qCdgGt2zbknnsVn1Ca,Meat Is Murder,The Smiths,Album,1985,1980.0,4.02,4.5,2023-06-26 01:04:44
5dmYtZVJ1bG9RyrZBRrkOA,Moon Safari,Air,Album,1998,1990.0,,,2023-09-12 16:37:59
5eikNDtOsRBp4npSO9nFOJ,Fallout 3: Original Game Soundtrack,Inon Zur,Album,2008,2000.0,,,2023-09-12 11:49:35
5EyDvOit9McsAc9ao1QROt,The Sensual World (2018 Remaster),Kate Bush,Album,1989,1980.0,,,2023-09-12 18:52:50
5fedTyx7AnXeyxLL0giq6x,Vampire Weekend,Vampire Weekend,Album,2008,2000.0,,,2023-06-01 23:19:27
5fl6q7SKOuaO2tHXeTaZeV,MTV Unplugged Música De Fondo (Reissue/Live),Zoé,Album,2011,2010.0,,,2023-09-12 14:40:34
5fMlysqhFE0itGn4KezMBW,Donuts,J Dilla,Album,2006,2000.0,,,2023-06-01 22:38:50
5frQh0uqxnIQBam99WigU4,GHV2,Madonna,Compilation,2001,2000.0,,,2023-09-12 12:31:59
5fxvWHvIDPIALfTfRiwyB0,Scary Monsters (And Super Creeps) [2017 Remaster],David Bowie,Album,1980,1980.0,,,2023-09-12 12:02:28
5g3Yi15plTSMaq6tYiuw8p,Violator (2006 Remaster),Depeche Mode,Album,1990,1990.0,,,2023-09-12 16:43:23
5ghbMJrms74bqNzZ8ziEZy,Cronicas De Un Laberinto,Jaguares,Album,2005,2000.0,,,2023-09-12 14:23:47
5gK2l2LgWY0BA4p9uy27z6,Black On Both Sides,Mos Def,Album,1999,1990.0,,,2023-09-12 15:01:25
5Gs6TUCuOnRYyqYHwDLAAW,Clarity,Jimmy Eat World,Album,1999,1990.0,,,2023-07-27 23:09:24
5hcKSTqKOLuzJgYIQileAe,Donde Estan Los Ladrones,Shakira,Album,1998,1990.0,,,2023-06-09 00:11:07
5hryhrT7wEdLnZCbJX9F6L,Either/Or,Elliott Smith,Album,1997,1990.0,4.79,5.0,2023-06-26 01:02:05
5HSUjEYLmSEsAo4DrkMxSE,Emmerdale,The Cardigans,Album,1994,1990.0,,,2023-06-01 23:03:45
5I099NUhbRrXaxnxQagElv,The Best Of 1990-2000,U2,Compilation,2002,2000.0,,,2023-09-12 21:22:22
5IFOummNcGXY3qCBWRchqP,Doggystyle,Snoop Dogg,Album,1993,1990.0,,,2023-06-01 23:11:08
5IO0ppb7WMdyanUnnBCR0M,Tasty + B Sides,Plastilina Mosh,Album,2006,2000.0,,,2023-06-01 22:59:15
5JLKZcOSNXcm6xaX1vI7nB,Staring At The Sea - The Singles,The Cure,Compilation,1986,1980.0,,,2023-06-01 23:04:37
5l5m1hnH4punS1GQXgEi3T,Lateralus,TOOL,Album,2001,2000.0,,,2023-09-12 21:19:10
5lEphbceIgaK1XxWeSrC9E,Heaven or Las Vegas,Cocteau Twins,Album,1990,1990.0,4.88,5.0,2023-07-03 23:59:59
5lKYNLYykoFAVRAeV5EqPE,Vauxhall and I (20th Anniversary Definitive Master),Morrissey,Album,1994,1990.0,,,2023-09-12 19:13:30
5ll74bqtkcXlKE7wwkMq4g,Late Registration,Kanye West,Album,2005,2000.0,,,2023-06-01 22:43:55
5lVbLNBd4ClGoJ8EWapm0E,America,Azul Violeta,Album,1985,1980.0,,,2023-09-12 14:20:59
5mvHTVy1iUIkAflIufoOpj,The Lonesome Crowded West,Modest Mouse,Album,1997,1990.0,,,2023-09-12 19:11:54
5mzoI3VH0ZWk1pLFR6RoYy,Hail To the Thief,Radiohead,Album,2003,2000.0,3.93,4.0,2023-08-10 00:11:25
5n52kyQKeUZs5ObZJejLQd,Achtung Baby,U2,Album,1991,1990.0,,,2023-09-12 21:22:54
5OEz7YwAQyYvaSl1pmkPCI,Bergtatt,Ulver,Album,1994,1990.0,,,2023-06-01 23:18:55
5OISte8J6DV61Vad0W0Cv9,Amputechture,The Mars Volta,Album,2006,2000.0,,,2023-09-12 18:58:19
5OVV3C55OWKmHHP9eY3s74,Trip The Light Fantastic (International Version),Sophie Ellis-Bextor,Album,2007,2000.0,,,2023-09-12 16:32:57
5qENHeCSlwWpEzb25peRmQ,Curtain Call: The Hits (Deluxe Edition),Eminem,Compilation,2005,2000.0,,,2023-09-12 15:01:52
5Qng7ZFQVDYd4we51XHCPZ,Bona Drag,Morrissey,Album,1990,1990.0,,,2023-09-12 19:12:41
5RosKCtF8yOxkdbE0pytph,Big Shots,Charizma,Album,2003,2000.0,,,2023-09-12 15:01:13
5rsJCTSppss2cccM8a9V0u,FINAL FANTASY X Original Soundtrack,SQUARE ENIX MUSIC,Album,2001,2000.0,,,2023-09-12 11:47:14
5SbcupirEParczvqqyUPXL,The Moon & Antarctica,Modest Mouse,Album,2000,2000.0,,,2023-09-12 19:11:57
5SqbMEyAt8332ISGiLX0St,Transformer,Lou Reed,Album,1972,1970.0,,,2023-09-12 12:05:05
5TiPpuwLSWSJl98yTyE8BK,LP5,Autechre,Album,1998,1990.0,3.78,4.0,2023-08-09 22:28:00
5uRdvUR7xCnHmUW8n64n9y,Homework,Daft Punk,Album,1997,1990.0,,,2023-09-12 16:42:27
5vBZRYu2GLA65nfxBvG1a7,The Joshua Tree,U2,Album,1987,1980.0,,,2023-09-12 21:22:37
5VJ9cWdT6Kv9UawePqLhCI,El Circo,Maldita Vecindad Y Los Hijos Del 5to. Patio,Album,1991,1990.0,,,2023-09-12 14:29:47
5vkqYmiPBYLaalcmjujWxK,In Rainbows,Radiohead,Album,2007,2000.0,4.79,5.0,2023-06-25 02:05:21
5w8PTRrXNSqRN76nQCELFb,Honeycomb / Gotham,Animal Collective,Single,2012,2010.0,,,2023-09-12 16:53:13
5WsCU95SaumguegxnC87TV,Be Here Now,Oasis,Album,1997,1990.0,,,2023-09-12 19:20:00
5XpEKORZ4y6OrCZSKsi46A,Norman Fucking Rockwell!,Lana Del Rey,Album,2019,2010.0,,,2023-06-01 22:53:12
5Y0p2XCgRRIjna91aQE8q7,The Queen Is Dead,The Smiths,Album,1986,1980.0,4.96,5.0,2023-06-26 01:02:46
5YXkWxwhLCr3nydqLQFWOU,Mapmaker,Parts & Labor,Album,2007,2000.0,,,2023-09-12 19:19:04
5z090LQztiqh13wYspQvKQ,Electric Ladyland,Jimi Hendrix,Album,1968,1960.0,,,2023-09-12 11:56:41
5zi7WsKlIiUXv09tbGLKsE,IGOR,"Tyler, The Creator",Album,2019,2010.0,4.51,5.0,2023-07-26 00:16:51
62Qu5QoNx3De0p5qQT0u7o,Here Comes The Fuzz,Mark Ronson,Album,2003,2000.0,,,2023-09-12 16:19:31
64EKrS1Ubw2rQ9qn9QRUq3,Volta,Björk,Album,2007,2000.0,,,2023-09-12 16:59:03
64TDaAbxgO0TmKZrIavdLg,Person Pitch,Panda Bear,Album,2007,2000.0,,,2023-06-01 22:58:08
65ain97ltDAxldCiOcBtHo,Youth Novels,Lykke Li,Album,2008,2000.0,,,2023-09-12 18:57:58
66UbcdMK6oC2XFPLeESamq,From A Basement On The Hill,Elliott Smith,Album,2004,2000.0,,,2023-09-12 18:47:15
6AoSTHrd6oEaeUYBEGdLTb,Moon Pix,Cat Power,Album,1998,1990.0,,,2023-09-12 18:42:49
6aSk2vxoY3xtz7cXKuY9EL,LCD Soundsystem,LCD Soundsystem,Album,2005,2000.0,,,2023-06-01 22:53:40
6aZ07R6mxyg52G9TEKCvKw,En el Palacio de Bellas Artes,Juan Gabriel,Album,1990,1990.0,,,2023-06-01 22:42:38
6b9NZDM5QhD2FViyXKwBRT,Écailles de lune,Alcest,Album,2010,2010.0,,,2023-09-12 11:29:46
6BRq5g6CWiFgN3NrjLGAYq,Merriweather Post Pavilion,Animal Collective,Album,2009,2000.0,4.73,5.0,2023-07-16 22:01:42
6cI1XoZsOhkyrCwtuI70CN,The Smiths,The Smiths,Album,1984,1980.0,4.85,5.0,2023-06-26 01:04:06
6D9urpsOWWKtYvF6PaorGE,Elephant,The White Stripes,Album,2003,2000.0,,,2023-09-12 21:25:25
6dVIqQ8qmQ5GBnJ9shOYGE,OK Computer,Radiohead,Album,1997,1990.0,4.66,5.0,2023-08-01 13:24:14
6dxjZ1OlkWJPJJpGenYmia,THE KING OF FIGHTERS '99 ORIGINAL SOUND TRACK,SNK SOUND TEAM,Album,2016,2010.0,,,2023-09-12 11:48:23
6fQElzBNTiEMGdIeY0hy5l,Hunky Dory (2015 Remaster),David Bowie,Album,1971,1970.0,,,2023-06-01 20:52:55
6GjwtEZcfenmOf6l18N7T7,Kid A,Radiohead,Album,2000,2000.0,4.53,5.0,2023-06-26 11:25:31
6HBRtTolIqgDVJXBwtyYPV,Through Silver In Blood,Neurosis,Album,1996,1990.0,,,2023-09-12 11:38:37
6iVOwFVjFRoQPgj8GUwSsi,Renegades,Rage Against The Machine,Album,2000,2000.0,,,2023-09-12 19:23:42
6J6hcDzG79Uh0xob2e5J29,Max & Match,LOOΠΔ / ODD EYE CIRCLE,Album,2017,2010.0,,,2023-08-11 17:33:37
6jWde94ln40epKIQCd8XUh,Toxicity,System Of A Down,Album,2001,2000.0,,,2023-09-12 11:43:31
6jZ1z25PyF4Yd3kHxt9rl1,…And Justice for All (Remastered),Metallica,Album,1988,1980.0,,,2023-09-13 13:46:35
6khFoLWnJZDQvZ7Pijym3b,Leviathan,Mastodon,Album,2004,2000.0,,,2023-09-12 11:34:58
6LZiNXaDvhzvnXUubVOmNU,Music Has The Right To Children,Boards of Canada,Album,1998,1990.0,4.37,5.0,2023-08-10 00:05:25
6MpWk5xbijQAJ0gpxTL61O,THE KING OF FIGHTERS '97 ORIGINAL SOUND TRACK,SNK SOUND TEAM,Album,2016,2010.0,,,2023-09-12 11:47:45
6nzpuAXn43S5FwBrzxFsna,Snowball,The Field Mice,Album,1989,1980.0,,,2023-06-01 23:05:30
6O6vqLgrTwWZqTCCoJVjWm,Mientras Tú Dormías,Carla Morrison,Album,2010,2010.0,,,2023-09-12 14:22:48
6ofEQubaL265rIW6WnCU8y,KID A MNESIA,Radiohead,Compilation,2021,2020.0,3.33,4.5,2023-08-10 00:16:44
6oGIhAT5NqoO6G1Ak8D8Ur,Reflective Depths Imbibe,Windham Hell,Album,1999,1990.0,,,2023-09-12 11:44:57
6QaVfG1pHYl1z15ZxkvVDW,Sgt. Pepper's Lonely Hearts Club Band (Remastered),The Beatles,Album,1967,1960.0,3.75,4.0,2023-06-25 04:16:32
6qcX4Bm3qYp0cKvAmHhASP,God Bless Your Black Heart,The Paper Chase,Album,2004,2000.0,,,2023-09-12 19:18:32
6qNSRB2vuBo8Jh3BXMDEVV,6 Feet Deep,Gravediggaz,Album,1994,1990.0,,,2023-09-12 14:57:04
6RxORosZYPqH4fkxMraaA9,Not for Want of Trying,Maybeshewill,Album,2008,2000.0,,,2023-09-12 19:11:03
6S73t4W5TlYHiIKrJIZ1jb,Птица,Auktyon,Album,1994,1990.0,,,2023-09-12 11:46:06
6SS8I9qRTwh0tMdAYoTbat,Alien,Strapping Young Lad,Album,2005,2000.0,,,2023-09-12 11:41:40
6Sts4Yh7KsDFwq2yTWrGGV,The Black Saint And The Sinner Lady,Charles Mingus,Album,1963,1960.0,4.57,4.5,2023-08-10 01:07:43
6t4LdKTNWIOr2PZIB8tiZF,Viva Hate (2011 Remaster),Morrissey,Album,1988,1980.0,,,2023-09-12 19:12:38
6t7956yu5zYf5A829XRiHC,The Marshall Mathers LP,Eminem,Album,2000,2000.0,,,2023-09-12 16:27:42
6TgkNOiJxeSkVVbXV720B1,THE MOUSE & THE MASK,DANGERDOOM,Album,2005,2000.0,,,2023-06-01 20:43:29
6TmEZKJtPJ9mPsMBmyteCE,...I Care Because You Do,Aphex Twin,Album,1995,1990.0,,,2023-09-12 16:38:35
6Tqp8Twmyl9xRhePhKS668,Reptilectric,Zoé,Album,2008,2000.0,,,2023-09-12 14:40:51
6tVg2Wl9hVKMpHYcAl2V2M,In The Court Of The Crimson King (Expanded & Remastered Original Album Mix),King Crimson,Album,1969,1960.0,4.08,4.5,2023-08-10 00:39:38
6UjZgFbK6CQptu8aOobzPV,Emotion,Carly Rae Jepsen,Album,2015,2010.0,4.1,4.5,2023-08-09 22:33:09
6Unw8A3kdy8ZPj6MmlbA7E,Devotion,Beach House,Album,2008,2000.0,,,2023-09-12 16:57:22
6uO5B6km2Dco28tOBmZtSU,The Campfire Headphase,Boards of Canada,Album,2005,2000.0,,,2023-09-12 16:40:51
6v5IVMmY1IvWtbfnQoiFSf,Strange Days,The Doors,Album,1967,1960.0,,,2023-09-12 11:57:14
6wCttLq0ADzkPgtRnUihLV,A Hard Day's Night (Remastered),The Beatles,Album,1964,1960.0,3.9,4.0,2023-08-09 23:31:34
6x5YIfaNRKfwaVhHjAWE4D,Paper Dolls,Descartes A Kant,Album,2006,2000.0,,,2023-09-12 14:23:14
6Xvc1TfpVEhDeHhmTQEtp0,White Blood Cells,The White Stripes,Album,2001,2000.0,,,2023-09-12 21:25:17
6YO3IK4y4jo1VJxYiFMqIQ,Rising Down,The Roots,Album,2008,2000.0,,,2023-09-12 16:26:12
6yWMN087PgSimbcVmHLEwG,Ænima,TOOL,Album,1996,1990.0,,,2023-09-12 21:19:13
6ZB8qaR9JNuS0Q0bG1nbcH,Funeral,Arcade Fire,Album,2004,2000.0,4.35,4.5,2023-08-09 03:42:20
6ZG5lRT77aJ3btmArcykra,Parachutes,Coldplay,Album,2000,2000.0,,,2023-09-12 18:45:22
6ZiwdJgvbvWILwuObZc8wS,WORRY.,Jeff Rosenstock,Album,2016,2010.0,4.57,5.0,2023-08-10 01:06:57
6zTAW5oRuOmxJuUHhcQope,In Rainbows (Disk 2),Radiohead,Album,2007,2000.0,3.58,4.0,2023-08-10 00:07:10
714xU1smIkRBp7ERAhFRbO,The Kick Inside (2018 Remaster),Kate Bush,Album,1978,1970.0,,,2023-09-12 18:54:29
716fnrS2qXChPC3J2X73pK,The English Riviera,Metronomy,Album,2011,2010.0,,,2023-06-01 22:50:43
748dZDqSZy6aPXKcI9H80u,"good kid, m.A.A.d city (Deluxe)",Kendrick Lamar,Album,2012,2010.0,,,2023-06-01 22:45:43
7761KE2C9rH1QO9WAE1Ysb,Just For A Day,Slowdive,Album,1991,1990.0,,,2023-09-12 21:10:16
77dNyQA0z8dV33M4so4eRY,The Essential Michael Jackson,Michael Jackson,Compilation,2005,2000.0,,,2023-09-12 12:18:19
77Lae5VorRCNpgZFMW8yRO,Richard D. James Album,Aphex Twin,Album,1996,1990.0,,,2023-09-12 16:38:38
79dL7FLiJFOO0EoehUHQBv,Currents,Tame Impala,Album,2015,2010.0,,,2023-09-18 14:16:42
7ADkbjCu7brKPFXTLAqCmf,Maladjusted,Morrissey,Album,1997,1990.0,,,2023-09-12 19:13:11
7aNclGRxTysfh6z0d8671k,Selected Ambient Works 85-92,Aphex Twin,Album,1992,1990.0,4.53,5.0,2023-08-08 23:44:33
7aPolrSqVawIhC7iTo2b5F,Visions,Grimes,Album,2012,2010.0,,,2023-06-01 22:37:41
7AqGXJqouYwso3XWF00zV4,Tronic,Black Milk,Album,2008,2000.0,,,2023-09-12 16:28:37
7BDdocfgBjmh5bw2VKA6JL,El Primer Instinto,Jaguares,Album,2002,2000.0,,,2023-09-12 14:24:04
7bdjtx1RTkWoSoOaIl7a8E,Settle (Special Edition),Disclosure,Album,2013,2010.0,,,2023-09-12 16:43:40
7bTdGfczXffzzNE9ssJj4Z,The Reminder,Feist,Album,2007,2000.0,,,2023-09-12 18:47:50
7btiyhWzUfzxN3ijSiBpC8,Only Built 4 Cuban Linx...,Raekwon,Album,1995,1990.0,,,2023-06-01 23:07:51
7cXrQFBd5R6TwtRyV7LOGq,Kveldssanger,Ulver,Album,1995,1990.0,,,2023-09-12 11:43:51
7d7WtcAp4qNtfwOqzAPQMJ,Garbage,Autechre,EP,1995,1990.0,3.73,4.0,2023-08-09 22:22:30
7DC0pE943VR5tAKIvQXHts,Figure 8,Elliott Smith,Album,2000,2000.0,,,2023-09-12 18:47:05
7DcHbfXY5HpmU2ltqCxc8c,Trans Canada Highway,Boards of Canada,Single,2006,2000.0,,,2023-09-12 16:40:55
7dRdaGSxgcBdJnrOviQRuB,Life After Death (2014 Remastered Edition),The Notorious B.I.G.,Album,1997,1990.0,,,2023-06-27 01:40:59
7EJ5pXrSqqfybKyfbvlz84,Re,Café Tacvba,Album,1994,1990.0,4.46,5.0,2023-08-10 00:53:00
7EOQggjtK8JCqeRz9IG33e,Blues & Roots,Charles Mingus,Album,1960,1960.0,,,2023-09-12 14:41:31
7Eoz7hJvaX1eFkbpQxC5PA,A Love Supreme,John Coltrane,Album,1965,1960.0,,,2023-09-12 14:41:18
7FiPNXyrCGGWFqO4btxPEe,The Holy Bible 20 (Remastered),Manic Street Preachers,Album,1994,1990.0,,,2023-06-01 22:51:32
7FjHZjhA9wycOr4xfawNYC,Beethoven Was Deaf,Morrissey,Album,1993,1990.0,,,2023-09-12 19:12:56
7gsWAHLeT0w7es6FofOXk1,The Life Of Pablo,Kanye West,Album,2016,2010.0,,,2023-06-01 22:43:48
7hktYMjRekLPK3BZRr4sIQ,The Invisible Band,Travis,Album,2001,2000.0,,,2023-09-12 21:19:33
7HNrDkHNFopKBXGWf0UZML,Dear Catastrophe Waitress,Belle and Sebastian,Album,2003,2000.0,4.59,5.0,2023-08-05 00:38:29
7HYptJX2aQJPWbxXviXLwQ,The Rip Tide,Beirut,Album,2011,2010.0,,,2023-09-12 16:58:27
7J84ixPVFehy6FcLk8rhk3,Art Angels,Grimes,Album,2015,2010.0,4.61,5.0,2023-06-25 03:24:04
7jfexk2w5aDI25njkN0UGg,"Strangeways, Here We Come",The Smiths,Album,1987,1980.0,4.22,4.5,2023-06-26 01:03:36
7Jyg6ic5h9BDJ3WuYWYA6K,Placebo,Placebo,Album,1996,1990.0,,,2023-09-12 19:21:38
7khd4wP2FmUO6uPVSQ9r8y,Hi Scores,Boards of Canada,Single,1996,1990.0,,,2023-09-12 16:41:40
7kTsa1wUFrahJJf1cJEOpZ,Covers,Placebo,Album,2003,2000.0,,,2023-09-12 19:21:34
7KxUQCCvE0edGiqBS6ywEd,Discipline,King Crimson,Album,1981,1980.0,,,2023-09-12 16:39:43
7lvkfeGllsua86JXtLunNG,The Best Part,J-Live,Album,2001,2000.0,,,2023-09-12 16:27:12
7Mpy0YPUymmzOopyQrMXw5,Ark,Animal Collective,Album,2003,2000.0,,,2023-09-12 16:56:23
7n7VUw9XFam4zMT7zn99tq,Pygmalion,Slowdive,Album,1995,1990.0,,,2023-09-12 21:10:19
7nXJ5k4XgRj5OLg9m8V3zc,Purple Rain,Prince,Album,1984,1980.0,,,2023-09-12 11:53:44
7oNSmwtmqu8EvnD3cv2HOr,Caifanes,Caifanes,Album,1988,1980.0,4.18,4.5,2023-08-09 03:56:56
7pBPB9vwqCMLKNmUCK4k62,Treasure,Cocteau Twins,Album,1984,1980.0,,,2023-06-01 20:42:18
7pi7cx7tlpJWQwoWYpvlZk,I Killed My Best Friend,Le Volume Courbe,Album,2005,2000.0,,,2023-06-01 22:54:17
7qeRejAsyqrM1hw3LwVPYp,Lionheart,Kate Bush,Album,1978,1970.0,,,2023-09-12 18:54:34
7qK8lMl95Xc1nlMSH5Z2RC,Soundpieces: Da Antidote,Lootpack,Album,1999,1990.0,,,2023-09-12 16:26:21
7rSZXXHHvIhF4yUFdaOCy9,Are You Experienced,Jimi Hendrix,Album,1967,1960.0,,,2023-09-12 11:56:33
7sh2Z8jj1iySpHRAnGd9w5,F♯ A♯ ∞,Godspeed You! Black Emperor,Album,1997,1990.0,,,2023-09-12 11:59:21
7shC5Rf3b9a2rTEFP0Fel3,New Moon,Elliott Smith,Compilation,2007,2000.0,,,2023-09-12 18:47:19
7suzZVnoSZWAkgh4ZBdWvK,Cabezas de Cera,Cabezas de Cera,Album,2000,2000.0,,,2023-09-12 14:21:39
7u6zL7kqpgLPISZYXNTgYk,Alive 2007,Daft Punk,Album,2007,2000.0,,,2023-06-01 20:42:53
7uatFjjGOQoccdiFh8uOHx,Life (Remastered),The Cardigans,Album,1995,1990.0,,,2023-09-12 17:00:05
7urGVhRGLgozoouBLDKhom,Merry Go Round,Delinquent Habits,Album,2001,2000.0,,,2023-09-12 16:24:14
7uUltiwqvVn8Uy23Hdf1kE,Disintegration,The Cure,Album,1989,1980.0,,,2023-06-01 23:04:34
7wJTn94PWzZ3zE0lg3qhld,Gish (Remastered),The Smashing Pumpkins,Album,1991,1990.0,,,2023-09-12 21:12:15
7wOOA7l306K8HfBKfPoafr,In Utero - 20th Anniversary Remaster,Nirvana,Album,1993,1990.0,,,2023-06-27 01:51:30
7ycBtnsMtyVbbwTfJwRjSP,To Pimp A Butterfly,Kendrick Lamar,Album,2015,2010.0,,,2023-06-01 22:45:48
